"job_id","condition_id","track_key","seed","changed_blocks","total_blocks","changed_seconds","input_error_mass","changed_input_distance","inside_output_change","outside_output_change","localization_contrast","changed_target_effect","full_output_change"
"al_james_schoolboy_facination_composition_only_profile1_S123","composition_only_profile1","al_james_schoolboy_facination","123","8","24","4.0","0.21588221396557397","0.6476466418967223","0.4050527433606853","0.034071502046463954","0.37098124131422133","0.5702832489768727","0.15773191581787108"
"al_james_schoolboy_facination_composition_only_profile1_S2027","composition_only_profile1","al_james_schoolboy_facination","2027","8","24","4.0","0.21588221396557397","0.6476466418967223","0.4560416871766854","0.03370156296965386","0.42234012420703154","0.6172604976262759","0.17448160437199775"
"al_james_schoolboy_facination_composition_only_profile1_S42","composition_only_profile1","al_james_schoolboy_facination","42","8","24","4.0","0.21588221396557397","0.6476466418967223","0.550748491513916","0.11582626045074786","0.4349222310631682","0.6233347151102606","0.2608003374718039"
"al_james_schoolboy_facination_composition_only_profile2_S123","composition_only_profile2","al_james_schoolboy_facination","123","8","24","4.0","0.2569806970610354","0.7709420911831066","0.427212581642576","0.03294692229582589","0.39426565934675006","0.6588258530008573","0.1643688087447426"
"al_james_schoolboy_facination_composition_only_profile2_S2027","composition_only_profile2","al_james_schoolboy_facination","2027","8","24","4.0","0.2569806970610354","0.7709420911831066","0.3382570948755882","0.05723022925158311","0.2810268656240051","0.5862775151060926","0.15090585112625146"
"al_james_schoolboy_facination_composition_only_profile2_S42","composition_only_profile2","al_james_schoolboy_facination","42","8","24","4.0","0.2569806970610354","0.7709420911831066","0.6445683678969318","0.1462720706372313","0.49829629725970054","0.6762661667173396","0.3123708363904648"
"al_james_schoolboy_facination_composition_only_profile3_S123","composition_only_profile3","al_james_schoolboy_facination","123","8","24","4.0","0.23893664846572382","0.7168099453971718","0.4565996898548129","0.05490649291726057","0.40169319693755234","0.6743746387029783","0.18880422522977802"
"al_james_schoolboy_facination_composition_only_profile3_S2027","composition_only_profile3","al_james_schoolboy_facination","2027","8","24","4.0","0.23893664846572382","0.7168099453971718","0.4316198638352508","0.07472595375056479","0.356893910084686","0.5614641063152863","0.19369059044546014"
"al_james_schoolboy_facination_composition_only_profile3_S42","composition_only_profile3","al_james_schoolboy_facination","42","8","24","4.0","0.23893664846572382","0.7168099453971718","0.44612347092309723","0.06768424092524974","0.3784392299978475","0.5296985614557053","0.19383065092453225"
"am_contra_heart_peripheral_composition_only_profile1_S123","composition_only_profile1","am_contra_heart_peripheral","123","8","24","4.0","0.2625651829524516","0.7876955488573552","0.39785046789106493","0.020775099407143914","0.37707536848392104","0.6405754086511557","0.14646688890178428"
"am_contra_heart_peripheral_composition_only_profile1_S2027","composition_only_profile1","am_contra_heart_peripheral","2027","8","24","4.0","0.2625651829524516","0.7876955488573552","0.3819484646352221","0.02669572177420952","0.35525274286101255","0.6058595894930773","0.14511330272788037"
"am_contra_heart_peripheral_composition_only_profile1_S42","composition_only_profile1","am_contra_heart_peripheral","42","8","24","4.0","0.2625651829524516","0.7876955488573552","0.27664993180449315","0.020378463661249444","0.2562714681432437","0.5067644401301054","0.10580228637566402"
"am_contra_heart_peripheral_composition_only_profile2_S123","composition_only_profile2","am_contra_heart_peripheral","123","8","24","4.0","0.2777777777777776","0.8333333333333333","0.5956124668174155","0.020381559059258023","0.5752309077581576","0.758122848265843","0.21212519497864388"
"am_contra_heart_peripheral_composition_only_profile2_S2027","composition_only_profile2","am_contra_heart_peripheral","2027","8","24","4.0","0.2777777777777776","0.8333333333333333","0.3821595331743819","0.0309772952310724","0.3511822379433095","0.7164667934986393","0.14803804121217554"
"am_contra_heart_peripheral_composition_only_profile2_S42","composition_only_profile2","am_contra_heart_peripheral","42","8","24","4.0","0.2777777777777776","0.8333333333333333","0.3438079655566372","0.03530435791795185","0.30850360763868534","0.7078149243837133","0.13813889379751362"
"am_contra_heart_peripheral_composition_only_profile3_S123","composition_only_profile3","am_contra_heart_peripheral","123","8","24","4.0","0.24867629406356273","0.7460288821906886","0.33132917550258256","0.019133527388241194","0.31219564811434136","0.49557495786728245","0.12319874342635496"
"am_contra_heart_peripheral_composition_only_profile3_S2027","composition_only_profile3","am_contra_heart_peripheral","2027","8","24","4.0","0.24867629406356273","0.7460288821906886","0.22463864084605717","0.023069684311749536","0.20156895653430762","0.31324274581875056","0.09025933648985209"
"am_contra_heart_peripheral_composition_only_profile3_S42","composition_only_profile3","am_contra_heart_peripheral","42","8","24","4.0","0.24867629406356273","0.7460288821906886","0.2376592121827248","0.0423804489361326","0.19527876324659219","0.42288943852546906","0.10747337001833"
"arise_run_run_run_composition_only_profile1_S123","composition_only_profile1","arise_run_run_run","123","8","24","4.0","0.18963463599602481","0.5689039079880749","0.42055323169134706","0.09544113331783916","0.3251120983735079","0.5763574135607197","0.20381183277567513"
"arise_run_run_run_composition_only_profile1_S2027","composition_only_profile1","arise_run_run_run","2027","8","24","4.0","0.18963463599602481","0.5689039079880749","0.6005253688686518","0.01733664843541008","0.5831887204332418","0.6155029751259542","0.211732888579824"
"arise_run_run_run_composition_only_profile1_S42","composition_only_profile1","arise_run_run_run","42","8","24","4.0","0.18963463599602481","0.5689039079880749","0.4073213543528753","0.07918120567373776","0.32814014867913754","0.5680033895413836","0.18856125523345027"
"arise_run_run_run_composition_only_profile2_S123","composition_only_profile2","arise_run_run_run","123","8","24","4.0","0.24068652749583622","0.722059582487509","0.5352957366089137","0.168474474534605","0.3668212620743087","0.556304623577314","0.29074822855937454"
"arise_run_run_run_composition_only_profile2_S2027","composition_only_profile2","arise_run_run_run","2027","8","24","4.0","0.24068652749583622","0.722059582487509","0.6364868431039328","0.05111303783668368","0.5853738052672491","0.6086661426186877","0.2462376395924334"
"arise_run_run_run_composition_only_profile2_S42","composition_only_profile2","arise_run_run_run","42","8","24","4.0","0.24068652749583622","0.722059582487509","0.4005353931830691","0.07119958988184347","0.3293358033012256","0.5464270167058867","0.18097819098225199"
"arise_run_run_run_composition_only_profile3_S123","composition_only_profile3","arise_run_run_run","123","8","24","4.0","0.22450993041458467","0.6735297912437544","0.47121658393268195","0.12247431657997743","0.3487422673527045","0.4629481021829114","0.23872173903087893"
"arise_run_run_run_composition_only_profile3_S2027","composition_only_profile3","arise_run_run_run","2027","8","24","4.0","0.22450993041458467","0.6735297912437544","0.5778659739410609","0.04903230963659396","0.5288336643044669","0.5382293598516033","0.22531019773808292"
"arise_run_run_run_composition_only_profile3_S42","composition_only_profile3","arise_run_run_run","42","8","24","4.0","0.22450993041458467","0.6735297912437544","0.42631768118529667","0.1270565226855335","0.2992611584997632","0.4973888373057108","0.22681024218545454"
"ben_carrigan_we_ll_talk_about_it_all_tonight_composition_only_profile1_S123","composition_only_profile1","ben_carrigan_we_ll_talk_about_it_all_tonight","123","8","24","4.0","0.20833333333333315","0.6249999999999998","0.34100734844544034","0.08809718047922188","0.25291016796621846","0.47501858886787224","0.1724005698012947"
"ben_carrigan_we_ll_talk_about_it_all_tonight_composition_only_profile1_S2027","composition_only_profile1","ben_carrigan_we_ll_talk_about_it_all_tonight","2027","8","24","4.0","0.20833333333333315","0.6249999999999998","0.3459334904997815","0.028150876478516412","0.31778261402126506","0.44558355308062314","0.13407841448560479"
"ben_carrigan_we_ll_talk_about_it_all_tonight_composition_only_profile1_S42","composition_only_profile1","ben_carrigan_we_ll_talk_about_it_all_tonight","42","8","24","4.0","0.20833333333333315","0.6249999999999998","0.4923704005264681","0.02386445939124983","0.46850594113521826","0.6012626861302663","0.18003310643632262"
"ben_carrigan_we_ll_talk_about_it_all_tonight_composition_only_profile2_S123","composition_only_profile2","ben_carrigan_we_ll_talk_about_it_all_tonight","123","8","24","4.0","0.2035586760832664","0.6106760282497996","0.575956896638151","0.1414470508315734","0.4345098458065776","0.6371185116984286","0.2862836661004326"
"ben_carrigan_we_ll_talk_about_it_all_tonight_composition_only_profile2_S2027","composition_only_profile2","ben_carrigan_we_ll_talk_about_it_all_tonight","2027","8","24","4.0","0.2035586760832664","0.6106760282497996","0.564097119094312","0.024211568156835853","0.5398855509374761","0.6794947496186341","0.20417341846932793"
"ben_carrigan_we_ll_talk_about_it_all_tonight_composition_only_profile2_S42","composition_only_profile2","ben_carrigan_we_ll_talk_about_it_all_tonight","42","8","24","4.0","0.2035586760832664","0.6106760282497996","0.43587546565673624","0.014318906332192939","0.4215565593245433","0.5377934255268362","0.15483775944037403"
"ben_carrigan_we_ll_talk_about_it_all_tonight_composition_only_profile3_S123","composition_only_profile3","ben_carrigan_we_ll_talk_about_it_all_tonight","123","8","24","4.0","0.14800312052771084","0.444009361583133","0.3529380228432649","0.029614147946782708","0.32332387489648223","0.28068622650775066","0.13738877291227677"
"ben_carrigan_we_ll_talk_about_it_all_tonight_composition_only_profile3_S2027","composition_only_profile3","ben_carrigan_we_ll_talk_about_it_all_tonight","2027","8","24","4.0","0.14800312052771084","0.444009361583133","0.2777952303545366","0.014962211532949542","0.2628330188215871","0.28990753244383527","0.1025732178068119"
"ben_carrigan_we_ll_talk_about_it_all_tonight_composition_only_profile3_S42","composition_only_profile3","ben_carrigan_we_ll_talk_about_it_all_tonight","42","8","24","4.0","0.14800312052771084","0.444009361583133","0.4516844056153173","0.022013560559843964","0.42967084505547337","0.4447783112103788","0.1652371755783351"
"bks_bulldozer_composition_only_profile1_S123","composition_only_profile1","bks_bulldozer","123","8","24","4.0","0.2777777777777776","0.8333333333333333","0.5652869295257036","0.05819142757986771","0.5070955019458359","0.6884283129475139","0.22722326156181302"
"bks_bulldozer_composition_only_profile1_S2027","composition_only_profile1","bks_bulldozer","2027","8","24","4.0","0.2777777777777776","0.8333333333333333","0.4003045170443728","0.02026393318754298","0.3800405838568298","0.5290681561129349","0.14694412780648625"
"bks_bulldozer_composition_only_profile1_S42","composition_only_profile1","bks_bulldozer","42","8","24","4.0","0.2777777777777776","0.8333333333333333","0.4778731273118844","0.03746285125914146","0.44041027605274297","0.6255529210472782","0.1842662766100558"
"bks_bulldozer_composition_only_profile2_S123","composition_only_profile2","bks_bulldozer","123","8","24","4.0","0.2710406770823241","0.8131220312469727","0.5690124636197942","0.06082391461282715","0.5081885490069671","0.5517188418138419","0.23022009761514953"
"bks_bulldozer_composition_only_profile2_S2027","composition_only_profile2","bks_bulldozer","2027","8","24","4.0","0.2710406770823241","0.8131220312469727","0.3901884337330724","0.03177432009733353","0.35841411363573883","0.4842718958428463","0.15124569130924648"
"bks_bulldozer_composition_only_profile2_S42","composition_only_profile2","bks_bulldozer","42","8","24","4.0","0.2710406770823241","0.8131220312469727","0.5553231552711715","0.041986995700084344","0.5133361595710871","0.6645587613877999","0.21309904889044673"
"bks_bulldozer_composition_only_profile3_S123","composition_only_profile3","bks_bulldozer","123","8","24","4.0","0.2777777777777776","0.8333333333333333","0.37419531655879934","0.05429491327616211","0.31990040328263725","0.4604330661969629","0.16092838103704118"
"bks_bulldozer_composition_only_profile3_S2027","composition_only_profile3","bks_bulldozer","2027","8","24","4.0","0.2777777777777776","0.8333333333333333","0.46664148275398437","0.035046929147738076","0.4315945536062463","0.6291725754650511","0.17891178034982022"
"bks_bulldozer_composition_only_profile3_S42","composition_only_profile3","bks_bulldozer","42","8","24","4.0","0.2777777777777776","0.8333333333333333","0.3779563454055894","0.03191853059098491","0.3460378148146045","0.4964874073846187","0.14726446886251976"
"bks_too_much_composition_only_profile1_S123","composition_only_profile1","bks_too_much","123","8","24","4.0","0.19090363772210425","0.5727109131663131","0.4424449839295436","0.02835318156617092","0.41409180236337273","0.4659487625673282","0.1663837823539618"
"bks_too_much_composition_only_profile1_S2027","composition_only_profile1","bks_too_much","2027","8","24","4.0","0.19090363772210425","0.5727109131663131","0.5537786603355592","0.03923780256963438","0.5145408577659248","0.5733513911848239","0.21075142182494264"
"bks_too_much_composition_only_profile1_S42","composition_only_profile1","bks_too_much","42","8","24","4.0","0.19090363772210425","0.5727109131663131","0.29116509311934563","0.05107381046774941","0.2400912826515962","0.45322126248310646","0.1311042380182815"
"bks_too_much_composition_only_profile2_S123","composition_only_profile2","bks_too_much","123","8","24","4.0","0.20520147488332144","0.6156044246499647","0.48398228296557433","0.04958066884354823","0.4344016141220261","0.6370397763113854","0.19438120688422358"
"bks_too_much_composition_only_profile2_S2027","composition_only_profile2","bks_too_much","2027","8","24","4.0","0.20520147488332144","0.6156044246499647","0.6345063414424765","0.03622349870386421","0.5982828427386123","0.6042128453758289","0.23565111295006833"
"bks_too_much_composition_only_profile2_S42","composition_only_profile2","bks_too_much","42","8","24","4.0","0.20520147488332144","0.6156044246499647","0.2880143873282685","0.026440800158786186","0.2615735871694823","0.556761475781654","0.11363199588194695"
"bks_too_much_composition_only_profile3_S123","composition_only_profile3","bks_too_much","123","8","24","4.0","0.2325703043887709","0.6977109131663132","0.5757668922404169","0.03292141961556947","0.5428454726248474","0.7564062302247445","0.21386991049051862"
"bks_too_much_composition_only_profile3_S2027","composition_only_profile3","bks_too_much","2027","8","24","4.0","0.2325703043887709","0.6977109131663132","0.60488745672568","0.0271533923668928","0.5777340643587872","0.6142764800379164","0.21973141381982186"
"bks_too_much_composition_only_profile3_S42","composition_only_profile3","bks_too_much","42","8","24","4.0","0.2325703043887709","0.6977109131663132","0.39723737142772664","0.05196029572376148","0.34527707570396515","0.6930330070228075","0.16705265429174987"
"buitraker_revo_x_composition_only_profile1_S123","composition_only_profile1","buitraker_revo_x","123","8","24","4.0","0.20833333333333315","0.6249999999999999","0.45595897609472724","0.028651383852638164","0.4273075922420891","0.6399149161565785","0.17108724793333452"
"buitraker_revo_x_composition_only_profile1_S2027","composition_only_profile1","buitraker_revo_x","2027","8","24","4.0","0.20833333333333315","0.6249999999999999","0.29760425619565156","0.04695297974564888","0.2506512764500027","0.37067668444661717","0.1305034052289831"
"buitraker_revo_x_composition_only_profile1_S42","composition_only_profile1","buitraker_revo_x","42","8","24","4.0","0.20833333333333315","0.6249999999999999","0.5381568176389881","0.04451846850528895","0.4936383491336992","0.6397898367001257","0.2090645848831887"
"buitraker_revo_x_composition_only_profile2_S123","composition_only_profile2","buitraker_revo_x","123","8","24","4.0","0.22244845780373756","0.6673453734112131","0.3912973064223702","0.034433932404132624","0.3568633740182376","0.6573945046025355","0.15338839041021182"
"buitraker_revo_x_composition_only_profile2_S2027","composition_only_profile2","buitraker_revo_x","2027","8","24","4.0","0.22244845780373756","0.6673453734112131","0.3887794439578543","0.043430799352423555","0.34534864460543074","0.513772191437683","0.15854701422090048"
"buitraker_revo_x_composition_only_profile2_S42","composition_only_profile2","buitraker_revo_x","42","8","24","4.0","0.22244845780373756","0.6673453734112131","0.49815404120460294","0.05127128622472356","0.4468827549798794","0.6212318290870057","0.20023220455135005"
"buitraker_revo_x_composition_only_profile3_S123","composition_only_profile3","buitraker_revo_x","123","8","24","4.0","0.2217765240345225","0.6653295721035678","0.3648791492039846","0.0178635834352339","0.3470155657687507","0.5987939825146927","0.13353543869148415"
"buitraker_revo_x_composition_only_profile3_S2027","composition_only_profile3","buitraker_revo_x","2027","8","24","4.0","0.2217765240345225","0.6653295721035678","0.48418713985274503","0.036257171360112375","0.44792996849263267","0.6800233370122724","0.1855671608576566"
"buitraker_revo_x_composition_only_profile3_S42","composition_only_profile3","buitraker_revo_x","42","8","24","4.0","0.2217765240345225","0.6653295721035678","0.4604416812406754","0.023980360523385924","0.4364613207172895","0.6351330496870942","0.16946746742914912"
"detsky_sad_walkie_talkie_composition_only_profile1_S123","composition_only_profile1","detsky_sad_walkie_talkie","123","8","24","4.0","0.26337191146591604","0.7901157343977484","0.5804359479255004","0.07337797020765305","0.5070579777178473","0.698102935758675","0.24239729611360214"
"detsky_sad_walkie_talkie_composition_only_profile1_S2027","composition_only_profile1","detsky_sad_walkie_talkie","2027","8","24","4.0","0.26337191146591604","0.7901157343977484","0.33142193364416783","0.048905932447652234","0.2825160011965156","0.5306064539516718","0.14307793284649076"
"detsky_sad_walkie_talkie_composition_only_profile1_S42","composition_only_profile1","detsky_sad_walkie_talkie","42","8","24","4.0","0.26337191146591604","0.7901157343977484","0.532715049166355","0.04380658353632467","0.4889084656300304","0.749969049235308","0.20677607207966817"
"detsky_sad_walkie_talkie_composition_only_profile2_S123","composition_only_profile2","detsky_sad_walkie_talkie","123","8","24","4.0","0.2900532096397381","0.8701596289192146","0.6239458481110087","0.09836430810111685","0.5255815400098919","0.8993096191268873","0.2735581547710808"
"detsky_sad_walkie_talkie_composition_only_profile2_S2027","composition_only_profile2","detsky_sad_walkie_talkie","2027","8","24","4.0","0.2900532096397381","0.8701596289192146","0.5422874835111755","0.06954974753704618","0.4727377359741293","0.9569088955052321","0.22712899286175595"
"detsky_sad_walkie_talkie_composition_only_profile2_S42","composition_only_profile2","detsky_sad_walkie_talkie","42","8","24","4.0","0.2900532096397381","0.8701596289192146","0.5162260095604667","0.04314430190022742","0.47308170766023927","0.7890034816361636","0.20083820445364053"
"detsky_sad_walkie_talkie_composition_only_profile3_S123","composition_only_profile3","detsky_sad_walkie_talkie","123","8","24","4.0","0.28953623221676533","0.8686086966502965","0.6199464615427488","0.12059548975465381","0.49935097178809495","0.8470731584258756","0.2870458136840188"
"detsky_sad_walkie_talkie_composition_only_profile3_S2027","composition_only_profile3","detsky_sad_walkie_talkie","2027","8","24","4.0","0.28953623221676533","0.8686086966502965","0.5014977536921894","0.04081227384609928","0.46068547984609015","0.8385711984106614","0.19437410046146267"
"detsky_sad_walkie_talkie_composition_only_profile3_S42","composition_only_profile3","detsky_sad_walkie_talkie","42","8","24","4.0","0.28953623221676533","0.8686086966502965","0.47327706002061587","0.04054770743790335","0.4327293525827125","0.8063269605511263","0.18479082496547417"
"forkupines_semantics_composition_only_profile1_S123","composition_only_profile1","forkupines_semantics","123","8","24","4.0","0.2769985637341838","0.8309956912025518","0.5307872846750896","0.02428913214931","0.5064981525257797","0.8544653209721638","0.19312184965790316"
"forkupines_semantics_composition_only_profile1_S2027","composition_only_profile1","forkupines_semantics","2027","8","24","4.0","0.2769985637341838","0.8309956912025518","0.26412650062875714","0.027107615381461808","0.23701888524729534","0.6065128154070394","0.10611391046389358"
"forkupines_semantics_composition_only_profile1_S42","composition_only_profile1","forkupines_semantics","42","8","24","4.0","0.2769985637341838","0.8309956912025518","0.3723328953212327","0.0267847003456168","0.3455481949756159","0.6780930768106379","0.14196743200415543"
"forkupines_semantics_composition_only_profile2_S123","composition_only_profile2","forkupines_semantics","123","8","24","4.0","0.27418228797114713","0.8225468639134417","0.3691346796401964","0.01371396039846269","0.35542071924173374","0.6570190531237831","0.13218753347904058"
"forkupines_semantics_composition_only_profile2_S2027","composition_only_profile2","forkupines_semantics","2027","8","24","4.0","0.27418228797114713","0.8225468639134417","0.431161682991862","0.011490382645978486","0.4196713003458835","0.7751140742356237","0.15138081609460632"
"forkupines_semantics_composition_only_profile2_S42","composition_only_profile2","forkupines_semantics","42","8","24","4.0","0.27418228797114713","0.8225468639134417","0.3161763716455416","0.020146694382592777","0.2960296772629488","0.6506580230684185","0.11882325347024238"
"forkupines_semantics_composition_only_profile3_S123","composition_only_profile3","forkupines_semantics","123","8","24","4.0","0.29370372838610936","0.8811111851583285","0.5459299393212618","0.028200671636702986","0.5177292676845587","0.9724103630072829","0.20077709419822257"
"forkupines_semantics_composition_only_profile3_S2027","composition_only_profile3","forkupines_semantics","2027","8","24","4.0","0.29370372838610936","0.8811111851583285","0.53521360093878","0.022095576280343227","0.5131180246584368","0.8153384390664214","0.1931349178331555"
"forkupines_semantics_composition_only_profile3_S42","composition_only_profile3","forkupines_semantics","42","8","24","4.0","0.29370372838610936","0.8811111851583285","0.40653651052464956","0.028140265548260768","0.3783962449763888","0.8430939638955297","0.15427234720705704"
"georgia_wonder_siren_composition_only_profile1_S123","composition_only_profile1","georgia_wonder_siren","123","8","24","4.0","0.2551398826394393","0.7654196479183184","0.3988984756640977","0.12515897633354098","0.27373949933055675","0.6546806117220373","0.2164054761103932"
"georgia_wonder_siren_composition_only_profile1_S2027","composition_only_profile1","georgia_wonder_siren","2027","8","24","4.0","0.2551398826394393","0.7654196479183184","0.384435714100525","0.051760944063613444","0.3326747700369116","0.45210235114736774","0.1626525340759173"
"georgia_wonder_siren_composition_only_profile1_S42","composition_only_profile1","georgia_wonder_siren","42","8","24","4.0","0.2551398826394393","0.7654196479183184","0.4979648856805712","0.05704582008336282","0.44091906559720834","0.6534225680010644","0.20401884194909892"
"georgia_wonder_siren_composition_only_profile2_S123","composition_only_profile2","georgia_wonder_siren","123","8","24","4.0","0.2131080886318317","0.6393242658954955","0.18195908887013484","0.04274705991177114","0.1392120289583637","0.3020082948578916","0.08915106956455904"
"georgia_wonder_siren_composition_only_profile2_S2027","composition_only_profile2","georgia_wonder_siren","2027","8","24","4.0","0.2131080886318317","0.6393242658954955","0.2184667725211456","0.010748863679880295","0.20771790884126531","0.3078721768313333","0.07998816662696874"
"georgia_wonder_siren_composition_only_profile2_S42","composition_only_profile2","georgia_wonder_siren","42","8","24","4.0","0.2131080886318317","0.6393242658954955","0.3039227852950359","0.045862811039669896","0.25805997425536603","0.35958780256617306","0.13188280245812523"
"georgia_wonder_siren_composition_only_profile3_S123","composition_only_profile3","georgia_wonder_siren","123","8","24","4.0","0.2842424107342007","0.8527272322026026","0.3632912699908259","0.094987652881863","0.2683036171089629","0.7731330696026786","0.18442219191818396"
"georgia_wonder_siren_composition_only_profile3_S2027","composition_only_profile3","georgia_wonder_siren","2027","8","24","4.0","0.2842424107342007","0.8527272322026026","0.45081481686957137","0.03542051230563385","0.4153943045639375","0.5970277807765941","0.17388528049361304"
"georgia_wonder_siren_composition_only_profile3_S42","composition_only_profile3","georgia_wonder_siren","42","8","24","4.0","0.2842424107342007","0.8527272322026026","0.38182250441870025","0.0658476571384437","0.31597484728025654","0.7806667866458883","0.17117260623186256"
"girls_under_glass_we_feel_alright_composition_only_profile1_S123","composition_only_profile1","girls_under_glass_we_feel_alright","123","8","24","4.0","0.28025764522703805","0.8407729356811147","0.39104281345191166","0.18607440586575477","0.2049684075861569","0.5470366378052196","0.2543972083944737"
"girls_under_glass_we_feel_alright_composition_only_profile1_S2027","composition_only_profile1","girls_under_glass_we_feel_alright","2027","8","24","4.0","0.28025764522703805","0.8407729356811147","0.36848917855877916","0.04073258732143123","0.3277565912373479","0.691253525924113","0.14998478440054722"
"girls_under_glass_we_feel_alright_composition_only_profile1_S42","composition_only_profile1","girls_under_glass_we_feel_alright","42","8","24","4.0","0.28025764522703805","0.8407729356811147","0.30401414384856934","0.046811906841497115","0.25720223700707223","0.45988657654561144","0.13254598584385452"
"girls_under_glass_we_feel_alright_composition_only_profile2_S123","composition_only_profile2","girls_under_glass_we_feel_alright","123","8","24","4.0","0.28025764522703805","0.8407729356811147","0.4856144967456395","0.16515434836833037","0.32046014837730913","0.6237156864094531","0.27197439782743343"
"girls_under_glass_we_feel_alright_composition_only_profile2_S2027","composition_only_profile2","girls_under_glass_we_feel_alright","2027","8","24","4.0","0.28025764522703805","0.8407729356811147","0.2981387132654766","0.05372390009245911","0.24441481317301747","0.5767660903968377","0.13519550448346493"
"girls_under_glass_we_feel_alright_composition_only_profile2_S42","composition_only_profile2","girls_under_glass_we_feel_alright","42","8","24","4.0","0.28025764522703805","0.8407729356811147","0.336831644327739","0.04318336984173467","0.29364827448600433","0.6617170440206277","0.1410661280037361"
"girls_under_glass_we_feel_alright_composition_only_profile3_S123","composition_only_profile3","girls_under_glass_we_feel_alright","123","8","24","4.0","0.21721545563325173","0.6516463668997555","0.6197974891948996","0.2504736342728545","0.3693238549220451","0.6685174098762122","0.37358158591353624"
"girls_under_glass_we_feel_alright_composition_only_profile3_S2027","composition_only_profile3","girls_under_glass_we_feel_alright","2027","8","24","4.0","0.21721545563325173","0.6516463668997555","0.4108456104517712","0.08343084528296482","0.3274147651688064","0.5157653699687375","0.19256910033923366"
"girls_under_glass_we_feel_alright_composition_only_profile3_S42","composition_only_profile3","girls_under_glass_we_feel_alright","42","8","24","4.0","0.21721545563325173","0.6516463668997555","0.4033016215706173","0.08368869723786825","0.319612924332749","0.3844382277186015","0.1902263386821179"
"hollow_ground_ill_fate_composition_only_profile1_S123","composition_only_profile1","hollow_ground_ill_fate","123","8","24","4.0","0.2777777777777776","0.8333333333333333","0.6639845166512932","0.051562185466365026","0.6124223311849282","0.7935638491520156","0.2557029625280078"
"hollow_ground_ill_fate_composition_only_profile1_S2027","composition_only_profile1","hollow_ground_ill_fate","2027","8","24","4.0","0.2777777777777776","0.8333333333333333","0.6252557257915554","0.12185477030133354","0.5034009554902219","0.689181126051814","0.28965508879807417"
"hollow_ground_ill_fate_composition_only_profile1_S42","composition_only_profile1","hollow_ground_ill_fate","42","8","24","4.0","0.2777777777777776","0.8333333333333333","0.4541941634393329","0.044668557115110315","0.4095256063242226","0.7783966246133995","0.18117709255651784"
"hollow_ground_ill_fate_composition_only_profile2_S123","composition_only_profile2","hollow_ground_ill_fate","123","8","24","4.0","0.2597724271451997","0.7793172814355996","0.6135159944412573","0.054632309775349046","0.5588836846659082","0.6671905223144645","0.24092687133065174"
"hollow_ground_ill_fate_composition_only_profile2_S2027","composition_only_profile2","hollow_ground_ill_fate","2027","8","24","4.0","0.2597724271451997","0.7793172814355996","0.6269509721959519","0.10941757065149443","0.5175334015444575","0.6202792918754456","0.28192870449964685"
"hollow_ground_ill_fate_composition_only_profile2_S42","composition_only_profile2","hollow_ground_ill_fate","42","8","24","4.0","0.2597724271451997","0.7793172814355996","0.4451683558959836","0.04374228467264077","0.40142607122334284","0.6398616314541439","0.17755097508042172"
"hollow_ground_ill_fate_composition_only_profile3_S123","composition_only_profile3","hollow_ground_ill_fate","123","8","24","4.0","0.2677397327814743","0.8032191983444232","0.560727748130022","0.045424195864209434","0.5153035522658126","0.6706277723350356","0.21719204661948033"
"hollow_ground_ill_fate_composition_only_profile3_S2027","composition_only_profile3","hollow_ground_ill_fate","2027","8","24","4.0","0.2677397327814743","0.8032191983444232","0.37937284511997815","0.10599467112409552","0.2733781739958826","0.5821596827241285","0.19712072912272305"
"hollow_ground_ill_fate_composition_only_profile3_S42","composition_only_profile3","hollow_ground_ill_fate","42","8","24","4.0","0.2677397327814743","0.8032191983444232","0.40565281971627354","0.03728848428436002","0.3683643354319135","0.7218482407240998","0.16007659609499786"
"juliet_s_rescue_heartbeats_composition_only_profile1_S123","composition_only_profile1","juliet_s_rescue_heartbeats","123","8","24","4.0","0.20701014047436359","0.6210304214230912","0.3956729902525612","0.09703770817576617","0.298635282076795","0.425420386406822","0.1965828022013645"
"juliet_s_rescue_heartbeats_composition_only_profile1_S2027","composition_only_profile1","juliet_s_rescue_heartbeats","2027","8","24","4.0","0.20701014047436359","0.6210304214230912","0.5213656103349932","0.07061676634338984","0.4507488439916033","0.4841913544762295","0.2208663810072576"
"juliet_s_rescue_heartbeats_composition_only_profile1_S42","composition_only_profile1","juliet_s_rescue_heartbeats","42","8","24","4.0","0.20701014047436359","0.6210304214230912","0.3890995475675274","0.07067454311081249","0.3184250044567149","0.36552961440200016","0.1768162112630508"
"juliet_s_rescue_heartbeats_composition_only_profile2_S123","composition_only_profile2","juliet_s_rescue_heartbeats","123","8","24","4.0","0.23478791825214138","0.7043637547564245","0.34770653313178473","0.06858812471423804","0.2791184084175467","0.4692125263029313","0.1616275941867536"
"juliet_s_rescue_heartbeats_composition_only_profile2_S2027","composition_only_profile2","juliet_s_rescue_heartbeats","2027","8","24","4.0","0.23478791825214138","0.7043637547564245","0.6850644531233832","0.05787396039009739","0.6271904927332858","0.7803485527319698","0.2669374579678593"
"juliet_s_rescue_heartbeats_composition_only_profile2_S42","composition_only_profile2","juliet_s_rescue_heartbeats","42","8","24","4.0","0.23478791825214138","0.7043637547564245","0.4339937713813451","0.07120508114472036","0.36278869023662474","0.47850517840165147","0.1921346445569286"
"juliet_s_rescue_heartbeats_composition_only_profile3_S123","composition_only_profile3","juliet_s_rescue_heartbeats","123","8","24","4.0","0.20701014047436359","0.6210304214230912","0.4081067180708919","0.10005253041781763","0.30805418765307424","0.44618708266376733","0.20273725963550904"
"juliet_s_rescue_heartbeats_composition_only_profile3_S2027","composition_only_profile3","juliet_s_rescue_heartbeats","2027","8","24","4.0","0.20701014047436359","0.6210304214230912","0.6079790356688808","0.058717636976395746","0.549261398692485","0.6017490524984757","0.24180476987389077"
"juliet_s_rescue_heartbeats_composition_only_profile3_S42","composition_only_profile3","juliet_s_rescue_heartbeats","42","8","24","4.0","0.20701014047436359","0.6210304214230912","0.3969859115550513","0.0799604136532846","0.3170254979017667","0.46526845015696777","0.1856355796205402"
"little_chicago_s_finest_my_own_composition_only_profile1_S123","composition_only_profile1","little_chicago_s_finest_my_own","123","8","24","4.0","0.2235738174881132","0.6707214524643399","0.23451094739093348","0.052912580563216946","0.18159836682771652","0.2641929523206707","0.11344536950578914"
"little_chicago_s_finest_my_own_composition_only_profile1_S2027","composition_only_profile1","little_chicago_s_finest_my_own","2027","8","24","4.0","0.2235738174881132","0.6707214524643399","0.2977271006921043","0.01408265198640015","0.28364444870570416","0.2727194993812756","0.1086308015549682"
"little_chicago_s_finest_my_own_composition_only_profile1_S42","composition_only_profile1","little_chicago_s_finest_my_own","42","8","24","4.0","0.2235738174881132","0.6707214524643399","0.31972260496254556","0.04254439200771005","0.2771782129548355","0.285320662375891","0.1349371296593219"
"little_chicago_s_finest_my_own_composition_only_profile2_S123","composition_only_profile2","little_chicago_s_finest_my_own","123","8","24","4.0","0.24026025260381503","0.7207807578114455","0.39713088938570845","0.046692310545839236","0.35043857883986923","0.41479884676766776","0.16350517015912897"
"little_chicago_s_finest_my_own_composition_only_profile2_S2027","composition_only_profile2","little_chicago_s_finest_my_own","2027","8","24","4.0","0.24026025260381503","0.7207807578114455","0.49630494818506926","0.017151486549538145","0.47915346163553113","0.5024106559791901","0.17686930709471518"
"little_chicago_s_finest_my_own_composition_only_profile2_S42","composition_only_profile2","little_chicago_s_finest_my_own","42","8","24","4.0","0.24026025260381503","0.7207807578114455","0.3100482454720557","0.04576940188871565","0.26427884358334003","0.34458835424219386","0.133862349749829"
"little_chicago_s_finest_my_own_composition_only_profile3_S123","composition_only_profile3","little_chicago_s_finest_my_own","123","8","24","4.0","0.23123715898597497","0.6937114769579253","0.46660887772193216","0.027996772270644787","0.43861210545128737","0.48934224041812585","0.1742008074210739"
"little_chicago_s_finest_my_own_composition_only_profile3_S2027","composition_only_profile3","little_chicago_s_finest_my_own","2027","8","24","4.0","0.23123715898597497","0.6937114769579253","0.3447129467550316","0.037586715993715415","0.3071262307613162","0.18404416130868367","0.1399621262474875"
"little_chicago_s_finest_my_own_composition_only_profile3_S42","composition_only_profile3","little_chicago_s_finest_my_own","42","8","24","4.0","0.23123715898597497","0.6937114769579253","0.34857814924645397","0.02925354770892316","0.31932460153753084","0.40238367527351604","0.13569508155476676"
"louis_cressy_band_good_time_composition_only_profile1_S123","composition_only_profile1","louis_cressy_band_good_time","123","8","24","4.0","0.19776535463892406","0.5932960639167726","0.26416831341069796","0.023577198800468956","0.240591114610229","0.30245328031456226","0.10377423700387862"
"louis_cressy_band_good_time_composition_only_profile1_S2027","composition_only_profile1","louis_cressy_band_good_time","2027","8","24","4.0","0.19776535463892406","0.5932960639167726","0.6790003578165722","0.026287128372829704","0.6527132294437425","0.48995963463350367","0.24385820485407725"
"louis_cressy_band_good_time_composition_only_profile1_S42","composition_only_profile1","louis_cressy_band_good_time","42","8","24","4.0","0.19776535463892406","0.5932960639167726","0.48989279039347994","0.052567349278288183","0.4373254411151918","0.4688703707318216","0.19834249631668543"
"louis_cressy_band_good_time_composition_only_profile2_S123","composition_only_profile2","louis_cressy_band_good_time","123","8","24","4.0","0.1949327582518494","0.5847982747555486","0.37290280218778094","0.051214427779859475","0.3216883744079215","0.35151928610589145","0.15844388591583328"
"louis_cressy_band_good_time_composition_only_profile2_S2027","composition_only_profile2","louis_cressy_band_good_time","2027","8","24","4.0","0.1949327582518494","0.5847982747555486","0.626734694050174","0.031322279357171544","0.5954124146930024","0.4433032375377257","0.22979308425483902"
"louis_cressy_band_good_time_composition_only_profile2_S42","composition_only_profile2","louis_cressy_band_good_time","42","8","24","4.0","0.1949327582518494","0.5847982747555486","0.5109501085174388","0.06347247080554067","0.4474776377118982","0.5973032213890151","0.21263168337617336"
"louis_cressy_band_good_time_composition_only_profile3_S123","composition_only_profile3","louis_cressy_band_good_time","123","8","24","4.0","0.19776535463892408","0.5932960639167727","0.2017575130960938","0.02319239475624405","0.17856511833984975","0.25125595846475723","0.08271410086952731"
"louis_cressy_band_good_time_composition_only_profile3_S2027","composition_only_profile3","louis_cressy_band_good_time","2027","8","24","4.0","0.19776535463892408","0.5932960639167727","0.7116106836000398","0.02558322721286141","0.6860274563871783","0.41478163738129026","0.25425904600858756"
"louis_cressy_band_good_time_composition_only_profile3_S42","composition_only_profile3","louis_cressy_band_good_time","42","8","24","4.0","0.19776535463892408","0.5932960639167727","0.5372534530638228","0.06686857297424073","0.470384880089582","0.5488025197180777","0.22366353300410138"
"lyndsey_ollard_catching_up_composition_only_profile1_S123","composition_only_profile1","lyndsey_ollard_catching_up","123","8","24","4.0","0.19256815122215146","0.5777044536664548","0.1920910759640703","0.031622015618800785","0.1604690603452695","0.36701136897651787","0.08511170240055728"
"lyndsey_ollard_catching_up_composition_only_profile1_S2027","composition_only_profile1","lyndsey_ollard_catching_up","2027","8","24","4.0","0.19256815122215146","0.5777044536664548","0.1001777090550692","0.045419896117943684","0.05475781293712552","0.29476766183298597","0.06367250043031886"
"lyndsey_ollard_catching_up_composition_only_profile1_S42","composition_only_profile1","lyndsey_ollard_catching_up","42","8","24","4.0","0.19256815122215146","0.5777044536664548","0.2830797051110986","0.02350282738079073","0.25957687773030785","0.38385132915128073","0.11002845329089335"
"lyndsey_ollard_catching_up_composition_only_profile2_S123","composition_only_profile2","lyndsey_ollard_catching_up","123","8","24","4.0","0.2004507422777423","0.6013522268332273","0.1602913017391569","0.028526936456377446","0.13176436528277946","0.3370200082546668","0.07244839155063726"
"lyndsey_ollard_catching_up_composition_only_profile2_S2027","composition_only_profile2","lyndsey_ollard_catching_up","2027","8","24","4.0","0.2004507422777423","0.6013522268332273","0.21609369392461789","0.027715825217732998","0.1883778687068849","0.3699448486113324","0.09050844812002797"
"lyndsey_ollard_catching_up_composition_only_profile2_S42","composition_only_profile2","lyndsey_ollard_catching_up","42","8","24","4.0","0.2004507422777423","0.6013522268332273","0.3100589823155794","0.03682717486385745","0.27323180745172193","0.4461307000090902","0.12790444401443143"
"lyndsey_ollard_catching_up_composition_only_profile3_S123","composition_only_profile3","lyndsey_ollard_catching_up","123","8","24","4.0","0.19012182986007142","0.5703654895802147","0.21641425507241002","0.04184280429596805","0.17457145077644198","0.3519218870996964","0.10003328788811539"
"lyndsey_ollard_catching_up_composition_only_profile3_S2027","composition_only_profile3","lyndsey_ollard_catching_up","2027","8","24","4.0","0.19012182986007142","0.5703654895802147","0.1529981843842586","0.02818536925346741","0.1248128151307912","0.28637234287826563","0.06978964096373114"
"lyndsey_ollard_catching_up_composition_only_profile3_S42","composition_only_profile3","lyndsey_ollard_catching_up","42","8","24","4.0","0.19012182986007142","0.5703654895802147","0.3437919441789353","0.027193163363955532","0.3165987808149798","0.47769812520322463","0.13272609030228213"
"motor_tapes_shore_composition_only_profile1_S123","composition_only_profile1","motor_tapes_shore","123","8","24","4.0","0.22222222222222207","0.6666666666666665","0.30244056229936295","0.03787742409644526","0.26456313820291766","0.31350675275241985","0.12606513683075116"
"motor_tapes_shore_composition_only_profile1_S2027","composition_only_profile1","motor_tapes_shore","2027","8","24","4.0","0.22222222222222207","0.6666666666666665","0.5740558567245542","0.02922268735228882","0.5448331693722653","0.6312380916599776","0.21083374380971062"
"motor_tapes_shore_composition_only_profile1_S42","composition_only_profile1","motor_tapes_shore","42","8","24","4.0","0.22222222222222207","0.6666666666666665","0.4871089225008868","0.019805301628173004","0.46730362087271377","0.5280925056536249","0.17557317525241092"
"motor_tapes_shore_composition_only_profile2_S123","composition_only_profile2","motor_tapes_shore","123","8","24","4.0","0.20833333333333315","0.6249999999999999","0.35495797089539133","0.021663226696143213","0.3332947441992481","0.5738592597705686","0.13276147476255926"
"motor_tapes_shore_composition_only_profile2_S2027","composition_only_profile2","motor_tapes_shore","2027","8","24","4.0","0.20833333333333315","0.6249999999999999","0.5801891652640478","0.03894970016855902","0.5412394650954888","0.9241549029053424","0.21936285520038865"
"motor_tapes_shore_composition_only_profile2_S42","composition_only_profile2","motor_tapes_shore","42","8","24","4.0","0.20833333333333315","0.6249999999999999","0.48323914426415004","0.021446094565917437","0.4617930496982326","0.8617037934745129","0.17537711113199497"
"motor_tapes_shore_composition_only_profile3_S123","composition_only_profile3","motor_tapes_shore","123","8","24","4.0","0.22222222222222207","0.6666666666666665","0.30286181431114767","0.02242367449521629","0.28043813981593135","0.43194522409963965","0.1159030544338601"
"motor_tapes_shore_composition_only_profile3_S2027","composition_only_profile3","motor_tapes_shore","2027","8","24","4.0","0.22222222222222207","0.6666666666666665","0.4815076659763784","0.029264965818602544","0.45224270015777585","0.6388968161229978","0.18001253253786118"
"motor_tapes_shore_composition_only_profile3_S42","composition_only_profile3","motor_tapes_shore","42","8","24","4.0","0.22222222222222207","0.6666666666666665","0.5548432401592086","0.06448835480832235","0.4903548853508862","0.5549532291318959","0.22793998325861778"
"nerve_9_pray_for_the_rain_composition_only_profile1_S123","composition_only_profile1","nerve_9_pray_for_the_rain","123","8","24","4.0","0.19283054211774708","0.5784916263532417","0.23805675823407274","0.07842477383840862","0.15963198439566412","0.11017224017140412","0.13163543530363"
"nerve_9_pray_for_the_rain_composition_only_profile1_S2027","composition_only_profile1","nerve_9_pray_for_the_rain","2027","8","24","4.0","0.19283054211774708","0.5784916263532417","0.3209189474546323","0.0262427674969384","0.2946761799576939","0.4032955149617895","0.1244681608161697"
"nerve_9_pray_for_the_rain_composition_only_profile1_S42","composition_only_profile1","nerve_9_pray_for_the_rain","42","8","24","4.0","0.19283054211774708","0.5784916263532417","0.40419511349554405","0.013375826439029362","0.3908192870565147","0.39219944779595656","0.14364892212453426"
"nerve_9_pray_for_the_rain_composition_only_profile2_S123","composition_only_profile2","nerve_9_pray_for_the_rain","123","8","24","4.0","0.22123515311860786","0.663705459355824","0.04301733747335067","0.0915805821146832","-0.048563244641332534","0.11087422231176754","0.07539283390090569"
"nerve_9_pray_for_the_rain_composition_only_profile2_S2027","composition_only_profile2","nerve_9_pray_for_the_rain","2027","8","24","4.0","0.22123515311860786","0.663705459355824","0.275763750204848","0.023803272068401868","0.2519604781364461","0.38462956830223344","0.10779009811388392"
"nerve_9_pray_for_the_rain_composition_only_profile2_S42","composition_only_profile2","nerve_9_pray_for_the_rain","42","8","24","4.0","0.22123515311860786","0.663705459355824","0.29612777196312456","0.038556044339586336","0.25757172762353825","0.2314808391733937","0.12441328688076575"
"nerve_9_pray_for_the_rain_composition_only_profile3_S123","composition_only_profile3","nerve_9_pray_for_the_rain","123","8","24","4.0","0.1793018891093893","0.5379056673281684","0.21543415714143616","0.0731236241137688","0.14231053302766736","0.050875770493465824","0.12056046845632458"
"nerve_9_pray_for_the_rain_composition_only_profile3_S2027","composition_only_profile3","nerve_9_pray_for_the_rain","2027","8","24","4.0","0.1793018891093893","0.5379056673281684","0.311376335867","0.028332875752124738","0.28304346011487524","0.3496966769811234","0.1226806957904165"
"nerve_9_pray_for_the_rain_composition_only_profile3_S42","composition_only_profile3","nerve_9_pray_for_the_rain","42","8","24","4.0","0.1793018891093893","0.5379056673281684","0.4067477993378106","0.01839327109006718","0.3883545282477434","0.5209853339925586","0.14784478050598163"
"pr_oh_no_composition_only_profile1_S123","composition_only_profile1","pr_oh_no","123","9","24","4.5","0.37499999999999983","1.0","0.47227740314918076","0.022521289791884","0.44975611335729676","0.6253970050744135","0.1911798323008703"
"pr_oh_no_composition_only_profile1_S2027","composition_only_profile1","pr_oh_no","2027","9","24","4.5","0.37499999999999983","1.0","0.28472992688316295","0.11350731813266389","0.17122260875049905","0.3736293253973871","0.17771579641410107"
"pr_oh_no_composition_only_profile1_S42","composition_only_profile1","pr_oh_no","42","9","24","4.5","0.37499999999999983","1.0","0.6408436827815993","0.16883925249874507","0.4720044302828542","0.7393501520415382","0.34584091385481536"
"pr_oh_no_composition_only_profile2_S123","composition_only_profile2","pr_oh_no","123","9","24","4.5","0.36111111111111094","0.9629629629629629","0.45550918465529416","0.024224671989332404","0.43128451266596174","0.6457428973062201","0.18595636423906803"
"pr_oh_no_composition_only_profile2_S2027","composition_only_profile2","pr_oh_no","2027","9","24","4.5","0.36111111111111094","0.9629629629629629","0.3268731260224274","0.1413020237003961","0.1855711023220313","0.41354417292979034","0.21089118707115787"
"pr_oh_no_composition_only_profile2_S42","composition_only_profile2","pr_oh_no","42","9","24","4.5","0.36111111111111094","0.9629629629629629","0.6155141908791004","0.16529533133635524","0.4502188595427452","0.6450282767387282","0.3341274036648847"
"pr_oh_no_composition_only_profile3_S123","composition_only_profile3","pr_oh_no","123","9","24","4.5","0.36111111111111094","0.9629629629629629","0.4511103531351341","0.1782361937854228","0.27287415934971126","0.6140436280355891","0.2805640035415645"
"pr_oh_no_composition_only_profile3_S2027","composition_only_profile3","pr_oh_no","2027","9","24","4.5","0.36111111111111094","0.9629629629629629","0.2905598152944595","0.08357582469406814","0.20698399060039135","0.45963356213929846","0.1611948211692149"
"pr_oh_no_composition_only_profile3_S42","composition_only_profile3","pr_oh_no","42","9","24","4.5","0.36111111111111094","0.9629629629629629","0.6274696003830056","0.21242432383185308","0.41504527655115253","0.7352837239351104","0.3680663025385353"
"punkdisco_oral_hygiene_composition_only_profile1_S123","composition_only_profile1","punkdisco_oral_hygiene","123","8","24","4.0","0.16666666666666646","0.49999999999999983","0.7154543192533095","0.07446820606788453","0.640986113185425","0.5762234724241111","0.28813024379635954"
"punkdisco_oral_hygiene_composition_only_profile1_S2027","composition_only_profile1","punkdisco_oral_hygiene","2027","8","24","4.0","0.16666666666666646","0.49999999999999983","0.31467956781632217","0.04895779586876844","0.26572177194755375","0.46116177524416","0.13753171985128634"
"punkdisco_oral_hygiene_composition_only_profile1_S42","composition_only_profile1","punkdisco_oral_hygiene","42","8","24","4.0","0.16666666666666646","0.49999999999999983","0.6528510621952088","0.020318687572075604","0.6325323746231333","0.662570809042715","0.23116281244645334"
"punkdisco_oral_hygiene_composition_only_profile2_S123","composition_only_profile2","punkdisco_oral_hygiene","123","8","24","4.0","0.15277777777777757","0.45833333333333315","0.6736151871313258","0.08976463825469122","0.5838505488766346","0.4152523362862015","0.28438148788023615"
"punkdisco_oral_hygiene_composition_only_profile2_S2027","composition_only_profile2","punkdisco_oral_hygiene","2027","8","24","4.0","0.15277777777777757","0.45833333333333315","0.2908174841764457","0.04078516826749873","0.250032315908947","0.3718491233252366","0.12412927357048105"
"punkdisco_oral_hygiene_composition_only_profile2_S42","composition_only_profile2","punkdisco_oral_hygiene","42","8","24","4.0","0.15277777777777757","0.45833333333333315","0.6812120168617388","0.022897631404120523","0.6583143854576183","0.5847531626617346","0.24233575988999326"
"punkdisco_oral_hygiene_composition_only_profile3_S123","composition_only_profile3","punkdisco_oral_hygiene","123","8","24","4.0","0.16666666666666646","0.49999999999999983","0.6115910474927329","0.08450114173488482","0.527089905757848","0.4115023689891867","0.26019777698750085"
"punkdisco_oral_hygiene_composition_only_profile3_S2027","composition_only_profile3","punkdisco_oral_hygiene","2027","8","24","4.0","0.16666666666666646","0.49999999999999983","0.2797057629375084","0.0449119033280781","0.23479385960943028","0.4192602004234755","0.12317652319788819"
"punkdisco_oral_hygiene_composition_only_profile3_S42","composition_only_profile3","punkdisco_oral_hygiene","42","8","24","4.0","0.16666666666666646","0.49999999999999983","0.6045009575537816","0.019452717561907938","0.5850482399918737","0.6381008023371221","0.21446879755919915"
"raft_monk_tiring_composition_only_profile1_S123","composition_only_profile1","raft_monk_tiring","123","8","24","4.0","0.21419962642789828","0.6425988792836952","0.4561783367703715","0.018848196426856395","0.43733014034351514","0.46266687389013306","0.16462490987469477"
"raft_monk_tiring_composition_only_profile1_S2027","composition_only_profile1","raft_monk_tiring","2027","8","24","4.0","0.21419962642789828","0.6425988792836952","0.3498746002291546","0.014717363052055635","0.335157237177099","0.2968057126162287","0.12643644211108862"
"raft_monk_tiring_composition_only_profile1_S42","composition_only_profile1","raft_monk_tiring","42","8","24","4.0","0.21419962642789828","0.6425988792836952","0.4703300861749301","0.023094885482325883","0.44723520069260425","0.43777947548105667","0.17217328571319399"
"raft_monk_tiring_composition_only_profile2_S123","composition_only_profile2","raft_monk_tiring","123","8","24","4.0","0.2030688945344893","0.6092066836034682","0.5249552481820581","0.027538721612217217","0.49741652656984087","0.4484232534661224","0.19334423046883087"
"raft_monk_tiring_composition_only_profile2_S2027","composition_only_profile2","raft_monk_tiring","2027","8","24","4.0","0.2030688945344893","0.6092066836034682","0.34701976972133586","0.017667096379505594","0.32935267334183027","0.35162817196354773","0.12745132082678237"
"raft_monk_tiring_composition_only_profile2_S42","composition_only_profile2","raft_monk_tiring","42","8","24","4.0","0.2030688945344893","0.6092066836034682","0.3344371676914555","0.012243818648268963","0.3221933490431865","0.29647247052402426","0.11964160166266447"
"raft_monk_tiring_composition_only_profile3_S123","composition_only_profile3","raft_monk_tiring","123","8","24","4.0","0.21419962642789828","0.6425988792836952","0.38932445350118106","0.026216187555276972","0.36310826594590406","0.47127517025589183","0.14725227620391168"
"raft_monk_tiring_composition_only_profile3_S2027","composition_only_profile3","raft_monk_tiring","2027","8","24","4.0","0.21419962642789828","0.6425988792836952","0.2558053181030194","0.01107047164424204","0.24473484645877733","0.2639292235563122","0.09264875379716782"
"raft_monk_tiring_composition_only_profile3_S42","composition_only_profile3","raft_monk_tiring","42","8","24","4.0","0.21419962642789828","0.6425988792836952","0.49440738492518277","0.03084648808563876","0.463560896839544","0.5118604692619172","0.18536678703215345"
"sambasevam_shanmugam_kaathaadi_composition_only_profile1_S123","composition_only_profile1","sambasevam_shanmugam_kaathaadi","123","8","24","4.0","0.22222222222222207","0.6666666666666665","0.4090424031096909","0.02616493816745382","0.3828774649422371","0.5961163413310395","0.15379075981486617"
"sambasevam_shanmugam_kaathaadi_composition_only_profile1_S2027","composition_only_profile1","sambasevam_shanmugam_kaathaadi","2027","8","24","4.0","0.22222222222222207","0.6666666666666665","0.3208804794047568","0.03123185526918667","0.28964862413557013","0.515537538765635","0.12778139664771004"
"sambasevam_shanmugam_kaathaadi_composition_only_profile1_S42","composition_only_profile1","sambasevam_shanmugam_kaathaadi","42","8","24","4.0","0.22222222222222207","0.6666666666666665","0.4253077722846789","0.03040321660847143","0.39490455567620747","0.7038640037560411","0.1620380685005406"
"sambasevam_shanmugam_kaathaadi_composition_only_profile2_S123","composition_only_profile2","sambasevam_shanmugam_kaathaadi","123","8","24","4.0","0.2638888888888888","0.7916666666666665","0.4009490575392624","0.04844733497284505","0.3525017225664174","0.718333774052315","0.16594790916165084"
"sambasevam_shanmugam_kaathaadi_composition_only_profile2_S2027","composition_only_profile2","sambasevam_shanmugam_kaathaadi","2027","8","24","4.0","0.2638888888888888","0.7916666666666665","0.3813193914298033","0.024690335048658113","0.35662905638114517","0.653760486614862","0.14356668717570653"
"sambasevam_shanmugam_kaathaadi_composition_only_profile2_S42","composition_only_profile2","sambasevam_shanmugam_kaathaadi","42","8","24","4.0","0.2638888888888888","0.7916666666666665","0.3073954506426495","0.026813794580633966","0.2805816560620155","0.6819754161365769","0.12034101326797247"
"sambasevam_shanmugam_kaathaadi_composition_only_profile3_S123","composition_only_profile3","sambasevam_shanmugam_kaathaadi","123","8","24","4.0","0.2777777777777776","0.8333333333333333","0.3327075168968281","0.059143782576389727","0.27356373432043835","0.7220145265910785","0.15033169401653587"
"sambasevam_shanmugam_kaathaadi_composition_only_profile3_S2027","composition_only_profile3","sambasevam_shanmugam_kaathaadi","2027","8","24","4.0","0.2777777777777776","0.8333333333333333","0.418468234363457","0.03688023744832155","0.38158799691513545","0.8397416248130241","0.16407623642003336"
"sambasevam_shanmugam_kaathaadi_composition_only_profile3_S42","composition_only_profile3","sambasevam_shanmugam_kaathaadi","42","8","24","4.0","0.2777777777777776","0.8333333333333333","0.4072185720693787","0.02793417243834761","0.3792843996310311","0.6721375845624104","0.15436230564869133"
"secretariat_borderline_composition_only_profile1_S123","composition_only_profile1","secretariat_borderline","123","8","24","4.0","0.1531788368104493","0.4595365104313483","0.6509845127963558","0.023588598583246974","0.6273959142131088","0.5581973434207232","0.23272056998761656"
"secretariat_borderline_composition_only_profile1_S2027","composition_only_profile1","secretariat_borderline","2027","8","24","4.0","0.1531788368104493","0.4595365104313483","0.290898888787785","0.0486613016028346","0.24223758718495042","0.25041297537130147","0.12940716399781807"
"secretariat_borderline_composition_only_profile1_S42","composition_only_profile1","secretariat_borderline","42","8","24","4.0","0.1531788368104493","0.4595365104313483","0.514259303647074","0.01877592591151131","0.4954833777355626","0.5057635695066207","0.18393705182336548"
"secretariat_borderline_composition_only_profile2_S123","composition_only_profile2","secretariat_borderline","123","8","24","4.0","0.15183761067973406","0.45551283203920256","0.6238183349046542","0.018324450610370892","0.6054938842942833","0.5530612315697839","0.22015574537513202"
"secretariat_borderline_composition_only_profile2_S2027","composition_only_profile2","secretariat_borderline","2027","8","24","4.0","0.15183761067973406","0.45551283203920256","0.2947893427532836","0.02237850491410212","0.2724108378391815","0.3046450253911954","0.11318211752716263"
"secretariat_borderline_composition_only_profile2_S42","composition_only_profile2","secretariat_borderline","42","8","24","4.0","0.15183761067973406","0.45551283203920256","0.42998585783614696","0.013917603002662003","0.416068254833485","0.5872266059079884","0.1526070212804903"
"secretariat_borderline_composition_only_profile3_S123","composition_only_profile3","secretariat_borderline","123","8","24","4.0","0.15297830729411346","0.45893492188234075","0.6029032636180489","0.02077803071947964","0.5821252328985693","0.40624147193055643","0.2148197750190027"
"secretariat_borderline_composition_only_profile3_S2027","composition_only_profile3","secretariat_borderline","2027","8","24","4.0","0.15297830729411346","0.45893492188234075","0.37000415451007956","0.04539326651249613","0.3246108879975834","0.4181205791276262","0.15359689584502392"
"secretariat_borderline_composition_only_profile3_S42","composition_only_profile3","secretariat_borderline","42","8","24","4.0","0.15297830729411346","0.45893492188234075","0.5075043361924195","0.01749859056028516","0.4900057456321344","0.437975740172345","0.18083383910432996"
"secretariat_over_the_top_composition_only_profile1_S123","composition_only_profile1","secretariat_over_the_top","123","8","24","4.0","0.2638888888888887","0.7916666666666665","0.43604866233256134","0.020050779161737475","0.41599788317082387","0.7264797483398691","0.15871674021867876"
"secretariat_over_the_top_composition_only_profile1_S2027","composition_only_profile1","secretariat_over_the_top","2027","8","24","4.0","0.2638888888888887","0.7916666666666665","0.43690155371706063","0.02795562221952059","0.40894593149754005","0.6296864787884358","0.1642709327187006"
"secretariat_over_the_top_composition_only_profile1_S42","composition_only_profile1","secretariat_over_the_top","42","8","24","4.0","0.2638888888888887","0.7916666666666665","0.3570162892657388","0.032799703374490737","0.3242165858912481","0.5642927620594248","0.14087189867157343"
"secretariat_over_the_top_composition_only_profile2_S123","composition_only_profile2","secretariat_over_the_top","123","8","24","4.0","0.27109545128845597","0.8132863538653684","0.326160826861167","0.010379094909821932","0.31578173195134507","0.5368953119747242","0.11563967222693694"
"secretariat_over_the_top_composition_only_profile2_S2027","composition_only_profile2","secretariat_over_the_top","2027","8","24","4.0","0.27109545128845597","0.8132863538653684","0.3627797465830383","0.02337702048457916","0.3394027260984591","0.4685103035921803","0.13651126251739887"
"secretariat_over_the_top_composition_only_profile2_S42","composition_only_profile2","secretariat_over_the_top","42","8","24","4.0","0.27109545128845597","0.8132863538653684","0.3944014858125584","0.03250446357562594","0.3618970222369325","0.596071917644839","0.15313680432127008"
"secretariat_over_the_top_composition_only_profile3_S123","composition_only_profile3","secretariat_over_the_top","123","8","24","4.0","0.2751909782392003","0.8255729347176012","0.5091379846796058","0.022461075573668297","0.4866769091059375","0.8951462556044204","0.18468671194231415"
"secretariat_over_the_top_composition_only_profile3_S2027","composition_only_profile3","secretariat_over_the_top","2027","8","24","4.0","0.2751909782392003","0.8255729347176012","0.5315565064774341","0.027317245320899478","0.5042392611565346","0.8112463768741102","0.1953969990397444"
"secretariat_over_the_top_composition_only_profile3_S42","composition_only_profile3","secretariat_over_the_top","42","8","24","4.0","0.2751909782392003","0.8255729347176012","0.5419597670639926","0.034391009888303244","0.5075687571756894","0.783215449729967","0.20358059561353303"
"signe_jakobsen_what_have_you_done_to_me_composition_only_profile1_S123","composition_only_profile1","signe_jakobsen_what_have_you_done_to_me","123","8","24","4.0","0.26184187945267434","0.7855256383580235","0.3794605840539489","0.1379953276763967","0.2414652563775522","0.6479753561734352","0.21848374646891408"
"signe_jakobsen_what_have_you_done_to_me_composition_only_profile1_S2027","composition_only_profile1","signe_jakobsen_what_have_you_done_to_me","2027","8","24","4.0","0.26184187945267434","0.7855256383580235","0.5691158131105178","0.06050998249987976","0.5086058306106381","0.8622404987424152","0.23004525937009243"
"signe_jakobsen_what_have_you_done_to_me_composition_only_profile1_S42","composition_only_profile1","signe_jakobsen_what_have_you_done_to_me","42","8","24","4.0","0.26184187945267434","0.7855256383580235","0.26642449670483775","0.03822094724831202","0.22820354945652574","0.4837644039091208","0.11428879706715393"
"signe_jakobsen_what_have_you_done_to_me_composition_only_profile2_S123","composition_only_profile2","signe_jakobsen_what_have_you_done_to_me","123","8","24","4.0","0.2656027514573988","0.7968082543721968","0.24243842448085062","0.14033752978846054","0.10210089469239009","0.4464597561094924","0.17437116135259056"
"signe_jakobsen_what_have_you_done_to_me_composition_only_profile2_S2027","composition_only_profile2","signe_jakobsen_what_have_you_done_to_me","2027","8","24","4.0","0.2656027514573988","0.7968082543721968","0.5218631093593948","0.06459091526636392","0.45727219409303094","0.8573585719643259","0.21701497996404087"
"signe_jakobsen_what_have_you_done_to_me_composition_only_profile2_S42","composition_only_profile2","signe_jakobsen_what_have_you_done_to_me","42","8","24","4.0","0.2656027514573988","0.7968082543721968","0.4173684818305354","0.034981580502657546","0.38238690132787784","0.7479309434983463","0.16244388094528348"
"signe_jakobsen_what_have_you_done_to_me_composition_only_profile3_S123","composition_only_profile3","signe_jakobsen_what_have_you_done_to_me","123","8","24","4.0","0.28790579466194205","0.8637173839858265","0.2851672483575306","0.12734234465997826","0.15782490369755234","0.6133915903432476","0.17995064589249568"
"signe_jakobsen_what_have_you_done_to_me_composition_only_profile3_S2027","composition_only_profile3","signe_jakobsen_what_have_you_done_to_me","2027","8","24","4.0","0.28790579466194205","0.8637173839858265","0.4120605682920312","0.03459147510517357","0.3774690931868576","0.84388170814355","0.16041450616745945"
"signe_jakobsen_what_have_you_done_to_me_composition_only_profile3_S42","composition_only_profile3","signe_jakobsen_what_have_you_done_to_me","42","8","24","4.0","0.28790579466194205","0.8637173839858265","0.3323455384222531","0.07076894352617949","0.26157659489607366","0.7270549937534161","0.15796114182487073"
"the_doppler_shift_atrophy_composition_only_profile1_S123","composition_only_profile1","the_doppler_shift_atrophy","123","8","24","4.0","0.22222222222222202","0.6666666666666665","0.5511556472583743","0.0806553780343317","0.4705002692240426","0.7084919527746152","0.2374888011090126"
"the_doppler_shift_atrophy_composition_only_profile1_S2027","composition_only_profile1","the_doppler_shift_atrophy","2027","8","24","4.0","0.22222222222222202","0.6666666666666665","0.5601130135892467","0.1581869996926056","0.40192601389664107","0.7307413311945672","0.29216233765815264"
"the_doppler_shift_atrophy_composition_only_profile1_S42","composition_only_profile1","the_doppler_shift_atrophy","42","8","24","4.0","0.22222222222222202","0.6666666666666665","0.5263401597919779","0.06257460969610942","0.4637655500958685","0.7126855154936428","0.21716312639473223"
"the_doppler_shift_atrophy_composition_only_profile2_S123","composition_only_profile2","the_doppler_shift_atrophy","123","8","24","4.0","0.2638888888888887","0.7916666666666665","0.478192544056695","0.06445039108217869","0.4137421529745163","0.8023372476019366","0.20236444207368412"
"the_doppler_shift_atrophy_composition_only_profile2_S2027","composition_only_profile2","the_doppler_shift_atrophy","2027","8","24","4.0","0.2638888888888887","0.7916666666666665","0.4307378597979761","0.06776553429199719","0.3629723255059789","0.6923747593157974","0.1887563094606568"
"the_doppler_shift_atrophy_composition_only_profile2_S42","composition_only_profile2","the_doppler_shift_atrophy","42","8","24","4.0","0.2638888888888887","0.7916666666666665","0.5573066201151748","0.07584908208150333","0.48145753803367153","0.5409704250237971","0.23633492809272716"
"the_doppler_shift_atrophy_composition_only_profile3_S123","composition_only_profile3","the_doppler_shift_atrophy","123","8","24","4.0","0.2638888888888887","0.7916666666666665","0.5905649741621449","0.1102275464555814","0.4803374277065635","0.7989586097137703","0.27034002235776927"
"the_doppler_shift_atrophy_composition_only_profile3_S2027","composition_only_profile3","the_doppler_shift_atrophy","2027","8","24","4.0","0.2638888888888887","0.7916666666666665","0.6550171242015655","0.08850169800186072","0.5665154261997049","0.8743795273962933","0.27734017340176237"
"the_doppler_shift_atrophy_composition_only_profile3_S42","composition_only_profile3","the_doppler_shift_atrophy","42","8","24","4.0","0.2638888888888887","0.7916666666666665","0.6195583262850323","0.07343619609048535","0.5461221301945469","0.7901236345734884","0.2554769061553343"
"the_easton_ellises_baumi_sdrnr_composition_only_profile1_S123","composition_only_profile1","the_easton_ellises_baumi_sdrnr","123","8","24","4.0","0.2916666666666665","0.875","0.22546934496054719","0.02919867720233476","0.19627066775821242","0.5282983970199266","0.0946222331217389"
"the_easton_ellises_baumi_sdrnr_composition_only_profile1_S2027","composition_only_profile1","the_easton_ellises_baumi_sdrnr","2027","8","24","4.0","0.2916666666666665","0.875","0.188141203395719","0.05903625733071393","0.12910494606500506","0.5087055627818292","0.10207123935238227"
"the_easton_ellises_baumi_sdrnr_composition_only_profile1_S42","composition_only_profile1","the_easton_ellises_baumi_sdrnr","42","8","24","4.0","0.2916666666666665","0.875","0.23439652158880114","0.06044572048514824","0.1739508011036529","0.5534030262586377","0.11842932085303254"
"the_easton_ellises_baumi_sdrnr_composition_only_profile2_S123","composition_only_profile2","the_easton_ellises_baumi_sdrnr","123","8","24","4.0","0.31944444444444425","0.9583333333333333","0.19667269587813144","0.028000784043961183","0.16867191183417024","0.4995590845728671","0.08422475465535127"
"the_easton_ellises_baumi_sdrnr_composition_only_profile2_S2027","composition_only_profile2","the_easton_ellises_baumi_sdrnr","2027","8","24","4.0","0.31944444444444425","0.9583333333333333","0.1794433085915333","0.05410652839231679","0.1253367801992165","0.5096190255953112","0.09588545512538897"
"the_easton_ellises_baumi_sdrnr_composition_only_profile2_S42","composition_only_profile2","the_easton_ellises_baumi_sdrnr","42","8","24","4.0","0.31944444444444425","0.9583333333333333","0.23496450480430475","0.0623163755764033","0.17264812922790146","0.6180118509362291","0.11986575198570378"
"the_easton_ellises_baumi_sdrnr_composition_only_profile3_S123","composition_only_profile3","the_easton_ellises_baumi_sdrnr","123","8","24","4.0","0.2777777777777776","0.8333333333333333","0.1874606670380944","0.03788862544650461","0.14957204159158977","0.32461001623131525","0.08774597264370121"
"the_easton_ellises_baumi_sdrnr_composition_only_profile3_S2027","composition_only_profile3","the_easton_ellises_baumi_sdrnr","2027","8","24","4.0","0.2777777777777776","0.8333333333333333","0.07166442440288069","0.04688364858897315","0.024780775813907543","0.17793187776349423","0.05514390719360899"
"the_easton_ellises_baumi_sdrnr_composition_only_profile3_S42","composition_only_profile3","the_easton_ellises_baumi_sdrnr","42","8","24","4.0","0.2777777777777776","0.8333333333333333","0.39372552281551265","0.11681050162290485","0.2769150211926078","0.5340369402135356","0.2091155086871074"
"the_long_wait_dark_horses_composition_only_profile1_S123","composition_only_profile1","the_long_wait_dark_horses","123","8","24","4.0","0.26725947752797","0.8017784325839106","0.42704860632984987","0.009305909623165368","0.4177426967066845","0.7261543773845769","0.1485534751920602"
"the_long_wait_dark_horses_composition_only_profile1_S2027","composition_only_profile1","the_long_wait_dark_horses","2027","8","24","4.0","0.26725947752797","0.8017784325839106","0.5012428808169374","0.023380328526433604","0.47786255229050373","0.735058963327007","0.18266784595660154"
"the_long_wait_dark_horses_composition_only_profile1_S42","composition_only_profile1","the_long_wait_dark_horses","42","8","24","4.0","0.26725947752797","0.8017784325839106","0.44624042374616807","0.010146312594788938","0.43609411115137914","0.8390249093973692","0.1555110163119153"
"the_long_wait_dark_horses_composition_only_profile2_S123","composition_only_profile2","the_long_wait_dark_horses","123","8","24","4.0","0.21712774178101357","0.6513832253430412","0.39777205158666007","0.017411005728838233","0.3803610458578218","0.48399545871400845","0.14419802101477885"
"the_long_wait_dark_horses_composition_only_profile2_S2027","composition_only_profile2","the_long_wait_dark_horses","2027","8","24","4.0","0.21712774178101357","0.6513832253430412","0.3131205505284928","0.029475626528109845","0.28364492400038294","0.5006607157219052","0.1240239345282375"
"the_long_wait_dark_horses_composition_only_profile2_S42","composition_only_profile2","the_long_wait_dark_horses","42","8","24","4.0","0.21712774178101357","0.6513832253430412","0.2938671744613136","0.006470065835113142","0.2873971086262005","0.4588243233016056","0.10226910204384665"
"the_long_wait_dark_horses_composition_only_profile3_S123","composition_only_profile3","the_long_wait_dark_horses","123","8","24","4.0","0.25337058863908113","0.7601117659172438","0.4382725430010372","0.04152960207296628","0.3967429409280709","0.6286755712955379","0.17377724904898992"
"the_long_wait_dark_horses_composition_only_profile3_S2027","composition_only_profile3","the_long_wait_dark_horses","2027","8","24","4.0","0.25337058863908113","0.7601117659172438","0.31565425305023154","0.023549579449258867","0.2921046736009727","0.5432431115240074","0.12091780398291645"
"the_long_wait_dark_horses_composition_only_profile3_S42","composition_only_profile3","the_long_wait_dark_horses","42","8","24","4.0","0.25337058863908113","0.7601117659172438","0.3200279668921717","0.011949971496846519","0.3080779953953252","0.5669503755625436","0.1146426366286216"
"tom_mckenzie_directions_composition_only_profile1_S123","composition_only_profile1","tom_mckenzie_directions","123","8","24","4.0","0.2027459105208881","0.6082377315626648","0.38646309380283983","0.1290009600162068","0.257462133786633","0.49644316954270007","0.2148216712784178"
"tom_mckenzie_directions_composition_only_profile1_S2027","composition_only_profile1","tom_mckenzie_directions","2027","8","24","4.0","0.2027459105208881","0.6082377315626648","0.41587387573551976","0.030163027902831784","0.385710847832688","0.5311161881052922","0.15873331051372777"
"tom_mckenzie_directions_composition_only_profile1_S42","composition_only_profile1","tom_mckenzie_directions","42","8","24","4.0","0.2027459105208881","0.6082377315626648","0.34797040051229683","0.08042962313854188","0.2675407773737549","0.28314991130964806","0.16960988226312682"
"tom_mckenzie_directions_composition_only_profile2_S123","composition_only_profile2","tom_mckenzie_directions","123","8","24","4.0","0.2046524749052303","0.6139574247156914","0.5411171305444681","0.11902054870595707","0.422096581838511","0.5582425124602874","0.25971940931879406"
"tom_mckenzie_directions_composition_only_profile2_S2027","composition_only_profile2","tom_mckenzie_directions","2027","8","24","4.0","0.2046524749052303","0.6139574247156914","0.38778425578263775","0.02686242836830237","0.36092182741433537","0.4564226317688016","0.14716970417308084"
"tom_mckenzie_directions_composition_only_profile2_S42","composition_only_profile2","tom_mckenzie_directions","42","8","24","4.0","0.2046524749052303","0.6139574247156914","0.3359708157308763","0.0623345991545309","0.2736362165763454","0.3518914258266752","0.15354667134664604"
"tom_mckenzie_directions_composition_only_profile3_S123","composition_only_profile3","tom_mckenzie_directions","123","8","24","4.0","0.18232984959931606","0.5469895487979484","0.5571987932845714","0.032517825685158035","0.5246809675994134","0.5428147647029397","0.20741148155162917"
"tom_mckenzie_directions_composition_only_profile3_S2027","composition_only_profile3","tom_mckenzie_directions","2027","8","24","4.0","0.18232984959931606","0.5469895487979484","0.354333402113316","0.025747411690886284","0.3285859904224297","0.4100623959665941","0.13527607516502954"
"tom_mckenzie_directions_composition_only_profile3_S42","composition_only_profile3","tom_mckenzie_directions","42","8","24","4.0","0.18232984959931606","0.5469895487979484","0.3880663782781196","0.05989046937472878","0.32817590890339077","0.45508616549770786","0.16928243900919238"
"we_fell_from_the_sky_not_you_composition_only_profile1_S123","composition_only_profile1","we_fell_from_the_sky_not_you","123","8","24","4.0","0.17476138745287495","0.5242841623586252","0.5540775455507244","0.16572286640504988","0.38835467914567456","0.5147851210901695","0.2951744261202747"
"we_fell_from_the_sky_not_you_composition_only_profile1_S2027","composition_only_profile1","we_fell_from_the_sky_not_you","2027","8","24","4.0","0.17476138745287495","0.5242841623586252","0.3456735262985048","0.018005241287507162","0.32766828501099765","0.17604780093296962","0.12722800295783973"
"we_fell_from_the_sky_not_you_composition_only_profile1_S42","composition_only_profile1","we_fell_from_the_sky_not_you","42","8","24","4.0","0.17476138745287495","0.5242841623586252","0.3051583012722376","0.014426883723465372","0.2907314175487722","0.3721517679158993","0.11133735623972278"
"we_fell_from_the_sky_not_you_composition_only_profile2_S123","composition_only_profile2","we_fell_from_the_sky_not_you","123","8","24","4.0","0.19799317400215202","0.5939795220064565","0.5941261138186245","0.05116344834620443","0.54296266547242","0.6567141414735911","0.2321510035036778"
"we_fell_from_the_sky_not_you_composition_only_profile2_S2027","composition_only_profile2","we_fell_from_the_sky_not_you","2027","8","24","4.0","0.19799317400215202","0.5939795220064565","0.3491427667960297","0.01814279391944055","0.3309999728765891","0.3199688544479309","0.12847611821163693"
"we_fell_from_the_sky_not_you_composition_only_profile2_S42","composition_only_profile2","we_fell_from_the_sky_not_you","42","8","24","4.0","0.19799317400215202","0.5939795220064565","0.2890406038161884","0.013110347286110054","0.27593025653007835","0.3345217321460365","0.10508709946280285"
"we_fell_from_the_sky_not_you_composition_only_profile3_S123","composition_only_profile3","we_fell_from_the_sky_not_you","123","8","24","4.0","0.19799317400215202","0.5939795220064565","0.5645156430091783","0.050321675026450956","0.5141939679827274","0.48725519382937543","0.22171966435402676"
"we_fell_from_the_sky_not_you_composition_only_profile3_S2027","composition_only_profile3","we_fell_from_the_sky_not_you","2027","8","24","4.0","0.19799317400215202","0.5939795220064565","0.44348650689281344","0.014101550442625642","0.4293849564501878","0.26764886234384677","0.1572298692593549"
"we_fell_from_the_sky_not_you_composition_only_profile3_S42","composition_only_profile3","we_fell_from_the_sky_not_you","42","8","24","4.0","0.19799317400215202","0.5939795220064565","0.26415178683263274","0.020471089693182655","0.2436806971394501","0.33465743334733755","0.10169798873966601"
