job_id,condition_id,track_key,seed,changed_blocks,total_blocks,changed_seconds,input_error_mass,changed_input_distance,inside_output_change,outside_output_change,localization_contrast,changed_target_effect,full_output_change
al_james_schoolboy_facination_deepchroma_profile1_S123,deepchroma_profile_1,al_james_schoolboy_facination,123,24,24,12.0,0.6584065105422924,0.6584065105422924,0.42648119603484685,0.0,0.0,0.5271071645590734,0.42648119603484685
al_james_schoolboy_facination_deepchroma_profile1_S2027,deepchroma_profile_1,al_james_schoolboy_facination,2027,24,24,12.0,0.6584065105422924,0.6584065105422924,0.3692839030759965,0.0,0.0,0.3141291262937088,0.3692839030759965
al_james_schoolboy_facination_deepchroma_profile1_S42,deepchroma_profile_1,al_james_schoolboy_facination,42,24,24,12.0,0.6584065105422924,0.6584065105422924,0.48726131103042,0.0,0.0,0.4501574951093584,0.48726131103042
al_james_schoolboy_facination_deepchroma_profile2_S123,deepchroma_profile_2,al_james_schoolboy_facination,123,24,24,12.0,0.7110604905654645,0.7110604905654645,0.3798879081769661,0.0,0.0,0.48581528686257175,0.3798879081769661
al_james_schoolboy_facination_deepchroma_profile2_S2027,deepchroma_profile_2,al_james_schoolboy_facination,2027,24,24,12.0,0.7110604905654645,0.7110604905654645,0.4404603551635263,0.0,0.0,0.522767501877517,0.4404603551635263
al_james_schoolboy_facination_deepchroma_profile2_S42,deepchroma_profile_2,al_james_schoolboy_facination,42,24,24,12.0,0.7110604905654645,0.7110604905654645,0.5400020274943481,0.0,0.0,0.5670199639011035,0.5400020274943481
al_james_schoolboy_facination_deepchroma_profile3_S123,deepchroma_profile_3,al_james_schoolboy_facination,123,24,24,12.0,0.64253231275884,0.64253231275884,0.37126305839566814,0.0,0.0,0.4299301882683639,0.37126305839566814
al_james_schoolboy_facination_deepchroma_profile3_S2027,deepchroma_profile_3,al_james_schoolboy_facination,2027,24,24,12.0,0.64253231275884,0.64253231275884,0.3015861803043183,0.0,0.0,0.4082777330310745,0.3015861803043183
al_james_schoolboy_facination_deepchroma_profile3_S42,deepchroma_profile_3,al_james_schoolboy_facination,42,24,24,12.0,0.64253231275884,0.64253231275884,0.5356361610710577,0.0,0.0,0.45807689209511776,0.5356361610710577
am_contra_heart_peripheral_deepchroma_profile1_S123,deepchroma_profile_1,am_contra_heart_peripheral,123,20,24,10.0,0.6273690976567629,0.7528429171881156,0.5213434288723227,0.04421556310194086,0.4771278657703818,0.5725667367890612,0.44182211791059234
am_contra_heart_peripheral_deepchroma_profile1_S2027,deepchroma_profile_1,am_contra_heart_peripheral,2027,20,24,10.0,0.6273690976567629,0.7528429171881156,0.3199713945431909,0.04163315948619406,0.27833823505699684,0.5443405985356189,0.2735816887003581
am_contra_heart_peripheral_deepchroma_profile1_S42,deepchroma_profile_1,am_contra_heart_peripheral,42,20,24,10.0,0.6273690976567629,0.7528429171881156,0.26963725820353934,0.01513412594795227,0.2545031322555871,0.5100212905495214,0.22722006949427484
am_contra_heart_peripheral_deepchroma_profile2_S123,deepchroma_profile_2,am_contra_heart_peripheral,123,20,24,10.0,0.5590211328162743,0.6708253593795291,0.4043915168027916,0.03520766157542643,0.3691838552273652,0.3625178741116089,0.3428608742648975
am_contra_heart_peripheral_deepchroma_profile2_S2027,deepchroma_profile_2,am_contra_heart_peripheral,2027,20,24,10.0,0.5590211328162743,0.6708253593795291,0.3538972210593886,0.06329012042846135,0.2906071006309272,0.4947545927067824,0.30546270428756733
am_contra_heart_peripheral_deepchroma_profile2_S42,deepchroma_profile_2,am_contra_heart_peripheral,42,20,24,10.0,0.5590211328162743,0.6708253593795291,0.25324199745552506,0.008881122098504335,0.24436087535702072,0.4168148392331574,0.21251518489602161
am_contra_heart_peripheral_deepchroma_profile3_S123,deepchroma_profile_3,am_contra_heart_peripheral,123,20,24,10.0,0.6309293372281657,0.7571152046737989,0.44678769780808825,0.03759430631947888,0.40919339148860934,0.5715268227987258,0.3785887992266533
am_contra_heart_peripheral_deepchroma_profile3_S2027,deepchroma_profile_3,am_contra_heart_peripheral,2027,20,24,10.0,0.6309293372281657,0.7571152046737989,0.33847676169252955,0.02160929197302955,0.3168674697195,0.5540359766099928,0.2856655167392795
am_contra_heart_peripheral_deepchroma_profile3_S42,deepchroma_profile_3,am_contra_heart_peripheral,42,20,24,10.0,0.6309293372281657,0.7571152046737989,0.30038767950005785,0.04572859369064203,0.2546590858094158,0.5615862598151062,0.25794449853182183
arise_run_run_run_deepchroma_profile1_S123,deepchroma_profile_1,arise_run_run_run,123,10,24,5.0,0.2823022432446552,0.6775253837871726,0.5446738743699024,0.008206882880013675,0.5364669914898887,0.5641589215111397,0.23173479600080063
arise_run_run_run_deepchroma_profile1_S2027,deepchroma_profile_1,arise_run_run_run,2027,10,24,5.0,0.2823022432446552,0.6775253837871726,0.5761574403948306,0.007608149911253351,0.5685492904835773,0.46199121028883755,0.24450368761274388
arise_run_run_run_deepchroma_profile1_S42,deepchroma_profile_1,arise_run_run_run,42,10,24,5.0,0.2823022432446552,0.6775253837871726,0.524125696163466,0.01416239207659006,0.509963304086876,0.6737372015093424,0.22664710211278838
arise_run_run_run_deepchroma_profile2_S123,deepchroma_profile_2,arise_run_run_run,123,10,24,5.0,0.26710201971907155,0.6410448473257719,0.5006231720079307,0.24644661668810608,0.25417655531982464,0.4484126099194518,0.352353514738033
arise_run_run_run_deepchroma_profile2_S2027,deepchroma_profile_2,arise_run_run_run,2027,10,24,5.0,0.26710201971907155,0.6410448473257719,0.6626253399159124,0.12868730608809914,0.5339380338278132,0.558376053606824,0.351161486849688
arise_run_run_run_deepchroma_profile2_S42,deepchroma_profile_2,arise_run_run_run,42,10,24,5.0,0.26710201971907155,0.6410448473257719,0.506096337394407,0.03700572782442719,0.4690906095699798,0.5145246368844552,0.23246014847858545
arise_run_run_run_deepchroma_profile3_S123,deepchroma_profile_3,arise_run_run_run,123,10,24,5.0,0.2823022432446552,0.6775253837871726,0.4488753761693248,0.23981423755777095,0.20906113861155387,0.3246717918528832,0.32692304531258504
arise_run_run_run_deepchroma_profile3_S2027,deepchroma_profile_3,arise_run_run_run,2027,10,24,5.0,0.2823022432446552,0.6775253837871726,0.5278071501526445,0.1334301670763844,0.39437698307626007,0.436498469548593,0.2977539100248261
arise_run_run_run_deepchroma_profile3_S42,deepchroma_profile_3,arise_run_run_run,42,10,24,5.0,0.2823022432446552,0.6775253837871726,0.4239895181718764,0.019328718257849993,0.4046607999140264,0.3443671909494419,0.18793738488869435
ben_carrigan_we_ll_talk_about_it_all_tonight_deepchroma_profile1_S123,deepchroma_profile_1,ben_carrigan_we_ll_talk_about_it_all_tonight,123,20,24,10.0,0.46315953609885246,0.5557914433186231,0.4270521462255939,0.031472861375197836,0.39557928485039606,0.37026234577926237,0.36112226541719455
ben_carrigan_we_ll_talk_about_it_all_tonight_deepchroma_profile1_S2027,deepchroma_profile_1,ben_carrigan_we_ll_talk_about_it_all_tonight,2027,20,24,10.0,0.46315953609885246,0.5557914433186231,0.558905624787649,0.13304852569840478,0.4258570990892443,0.4227186605986706,0.48792944160610835
ben_carrigan_we_ll_talk_about_it_all_tonight_deepchroma_profile1_S42,deepchroma_profile_1,ben_carrigan_we_ll_talk_about_it_all_tonight,42,20,24,10.0,0.46315953609885246,0.5557914433186231,0.5552784845659358,0.24009931617976074,0.315179168386175,0.49911145518129185,0.50274862316824
ben_carrigan_we_ll_talk_about_it_all_tonight_deepchroma_profile2_S123,deepchroma_profile_2,ben_carrigan_we_ll_talk_about_it_all_tonight,123,20,24,10.0,0.4617702132047901,0.5541242558457482,0.507672172794713,0.04936562489700158,0.4583065478977114,0.42975053123911877,0.43128774814509446
ben_carrigan_we_ll_talk_about_it_all_tonight_deepchroma_profile2_S2027,deepchroma_profile_2,ben_carrigan_we_ll_talk_about_it_all_tonight,2027,20,24,10.0,0.4617702132047901,0.5541242558457482,0.5828945905582943,0.3614951208937024,0.2213994696645919,0.4737977704427815,0.5459946789475291
ben_carrigan_we_ll_talk_about_it_all_tonight_deepchroma_profile2_S42,deepchroma_profile_2,ben_carrigan_we_ll_talk_about_it_all_tonight,42,20,24,10.0,0.4617702132047901,0.5541242558457482,0.615623676586951,0.1996649695333981,0.415958707053553,0.5104247733310104,0.5462972254113588
ben_carrigan_we_ll_talk_about_it_all_tonight_deepchroma_profile3_S123,deepchroma_profile_3,ben_carrigan_we_ll_talk_about_it_all_tonight,123,20,24,10.0,0.4598026889278268,0.5517632267133922,0.5680763896932827,0.05612294102101989,0.5119534486722628,0.5757795851959441,0.4827508149145722
ben_carrigan_we_ll_talk_about_it_all_tonight_deepchroma_profile3_S2027,deepchroma_profile_3,ben_carrigan_we_ll_talk_about_it_all_tonight,2027,20,24,10.0,0.4598026889278268,0.5517632267133922,0.5827328686167637,0.20710486898727032,0.37562799962949334,0.4240225335528516,0.5201282020118483
ben_carrigan_we_ll_talk_about_it_all_tonight_deepchroma_profile3_S42,deepchroma_profile_3,ben_carrigan_we_ll_talk_about_it_all_tonight,42,20,24,10.0,0.4598026889278268,0.5517632267133922,0.6664914620349894,0.19566964388405864,0.4708218181509308,0.5071308782488374,0.5880211590098342
bks_bulldozer_deepchroma_profile1_S123,deepchroma_profile_1,bks_bulldozer,123,22,24,11.0,0.8278985507246377,0.9031620553359684,0.5256572055398879,0.026384684053921525,0.4992725214859664,0.5482764825127823,0.484051162082724
bks_bulldozer_deepchroma_profile1_S2027,deepchroma_profile_1,bks_bulldozer,2027,22,24,11.0,0.8278985507246377,0.9031620553359684,0.46227712730294174,0.0997348189195883,0.36254230838335344,0.45598080261203505,0.43206526827099556
bks_bulldozer_deepchroma_profile1_S42,deepchroma_profile_1,bks_bulldozer,42,22,24,11.0,0.8278985507246377,0.9031620553359684,0.39233267539534433,0.19770389795303345,0.19462877744231089,0.44910449917027945,0.3761136106084851
bks_bulldozer_deepchroma_profile2_S123,deepchroma_profile_2,bks_bulldozer,123,22,24,11.0,0.8502415458937197,0.9275362318840579,0.48322370908733203,0.050262603179371534,0.4329611059079605,0.5250509047632556,0.4471436169283354
bks_bulldozer_deepchroma_profile2_S2027,deepchroma_profile_2,bks_bulldozer,2027,22,24,11.0,0.8502415458937197,0.9275362318840579,0.4600244810003027,0.2077067022148789,0.2523177787854238,0.4402468824190117,0.4389979994348507
bks_bulldozer_deepchroma_profile2_S42,deepchroma_profile_2,bks_bulldozer,42,22,24,11.0,0.8502415458937197,0.9275362318840579,0.35583615109620786,0.1879615597702003,0.16787459132600757,0.37902412235753064,0.34184660181904053
bks_bulldozer_deepchroma_profile3_S123,deepchroma_profile_3,bks_bulldozer,123,22,24,11.0,0.8417874396135265,0.9183135704874835,0.47839796916336996,0.03834057046125516,0.4400573987021148,0.5089660383344309,0.441726519271527
bks_bulldozer_deepchroma_profile3_S2027,deepchroma_profile_3,bks_bulldozer,2027,22,24,11.0,0.8417874396135265,0.9183135704874835,0.4931811876662681,0.21955702887796386,0.27362415878830426,0.4886490859932007,0.47037917443390936
bks_bulldozer_deepchroma_profile3_S42,deepchroma_profile_3,bks_bulldozer,42,22,24,11.0,0.8417874396135265,0.9183135704874835,0.4019868781583887,0.1916804015636444,0.21030647659474427,0.46288023809646134,0.38446133844216007
bks_too_much_deepchroma_profile1_S123,deepchroma_profile_1,bks_too_much,123,20,24,10.0,0.543611033192238,0.6523332398306857,0.6013284877700513,0.0951100785204127,0.5062184092496387,0.68067705181717,0.5169587528951115
bks_too_much_deepchroma_profile1_S2027,deepchroma_profile_1,bks_too_much,2027,20,24,10.0,0.543611033192238,0.6523332398306857,0.5093289013386645,0.025193259661734607,0.4841356416769299,0.6784732833567239,0.42863962772584285
bks_too_much_deepchroma_profile1_S42,deepchroma_profile_1,bks_too_much,42,20,24,10.0,0.543611033192238,0.6523332398306857,0.3053913921682835,0.03039623853431908,0.27499515363396443,0.519969118314123,0.2595588665626227
bks_too_much_deepchroma_profile2_S123,deepchroma_profile_2,bks_too_much,123,20,24,10.0,0.6130554776366826,0.735666573164019,0.5473135225510338,0.025774779234202905,0.5215387433168309,0.7082463739450854,0.46039039866489534
bks_too_much_deepchroma_profile2_S2027,deepchroma_profile_2,bks_too_much,2027,20,24,10.0,0.6130554776366826,0.735666573164019,0.5157435153845777,0.06347853198961687,0.4522649833949609,0.6581129701230494,0.44036601815208426
bks_too_much_deepchroma_profile2_S42,deepchroma_profile_2,bks_too_much,42,20,24,10.0,0.6130554776366826,0.735666573164019,0.2836777450807134,0.026166812645922993,0.2575109324347904,0.5526259411474481,0.24075925634158166
bks_too_much_deepchroma_profile3_S123,deepchroma_profile_3,bks_too_much,123,20,24,10.0,0.5436110331922381,0.6523332398306857,0.5831047809789738,0.08384806673943235,0.49925671423954143,0.6276640857014173,0.49989532860571684
bks_too_much_deepchroma_profile3_S2027,deepchroma_profile_3,bks_too_much,2027,20,24,10.0,0.5436110331922381,0.6523332398306857,0.509471873490161,0.04537759721279144,0.46409427627736954,0.5906024557472468,0.43212282744393277
bks_too_much_deepchroma_profile3_S42,deepchroma_profile_3,bks_too_much,42,20,24,10.0,0.5436110331922381,0.6523332398306857,0.3427271019931287,0.030662402891611207,0.3120646991015175,0.5212970213161158,0.29071631880954246
buitraker_revo_x_deepchroma_profile1_S123,deepchroma_profile_1,buitraker_revo_x,123,19,24,9.5,0.6255663890024238,0.7901891229504302,0.3558510754658852,0.02240291956007292,0.3334481559058123,0.5753730305984824,0.2863827096521743
buitraker_revo_x_deepchroma_profile1_S2027,deepchroma_profile_1,buitraker_revo_x,2027,19,24,9.5,0.6255663890024238,0.7901891229504302,0.35317794989024903,0.07620457865027064,0.2769733712399784,0.6156837002247804,0.2954751642152535
buitraker_revo_x_deepchroma_profile1_S42,deepchroma_profile_1,buitraker_revo_x,42,19,24,9.5,0.6255663890024238,0.7901891229504302,0.48442112480145166,0.04981315372956359,0.4346079710718881,0.6235439136751743,0.3938777974948084
buitraker_revo_x_deepchroma_profile2_S123,deepchroma_profile_2,buitraker_revo_x,123,19,24,9.5,0.6055303552074879,0.7648804486831428,0.40163592378574386,0.03064456257414063,0.37099136121160325,0.5905990966811745,0.32434605686665985
buitraker_revo_x_deepchroma_profile2_S2027,deepchroma_profile_2,buitraker_revo_x,2027,19,24,9.5,0.6055303552074879,0.7648804486831428,0.3453048505100787,0.11239719693501957,0.23290765357505913,0.5774583434952731,0.2967824226819414
buitraker_revo_x_deepchroma_profile2_S42,deepchroma_profile_2,buitraker_revo_x,42,19,24,9.5,0.6055303552074879,0.7648804486831428,0.33255390180759753,0.06173368717577292,0.2708202146318246,0.436624213828822,0.2761330237593007
buitraker_revo_x_deepchroma_profile3_S123,deepchroma_profile_3,buitraker_revo_x,123,19,24,9.5,0.6120134669981425,0.7730696425239695,0.42132658024416325,0.021521950011072044,0.3998046302330912,0.6726551890009005,0.3380339489456026
buitraker_revo_x_deepchroma_profile3_S2027,deepchroma_profile_3,buitraker_revo_x,2027,19,24,9.5,0.6120134669981425,0.7730696425239695,0.39944355488302713,0.07075852548022991,0.3286850294027972,0.6490881638354556,0.33096750709077766
buitraker_revo_x_deepchroma_profile3_S42,deepchroma_profile_3,buitraker_revo_x,42,19,24,9.5,0.6120134669981425,0.7730696425239695,0.49691315657718715,0.1110850743562398,0.38582808222094733,0.7174305826669471,0.4165323061144898
detsky_sad_walkie_talkie_deepchroma_profile1_S123,deepchroma_profile_1,detsky_sad_walkie_talkie,123,12,24,6.0,0.33269919313605434,0.6653983862721088,0.5135909501591428,0.26250351202604705,0.25108743813309575,0.648590178360532,0.3880472310925949
detsky_sad_walkie_talkie_deepchroma_profile1_S2027,deepchroma_profile_1,detsky_sad_walkie_talkie,2027,12,24,6.0,0.33269919313605434,0.6653983862721088,0.3509449267622924,0.09327643269094166,0.25766849407135073,0.49210094105408003,0.222110679726617
detsky_sad_walkie_talkie_deepchroma_profile1_S42,deepchroma_profile_1,detsky_sad_walkie_talkie,42,12,24,6.0,0.33269919313605434,0.6653983862721088,0.5555172154485382,0.23397521797514886,0.3215419974733893,0.656904245914741,0.39474621671184357
detsky_sad_walkie_talkie_deepchroma_profile2_S123,deepchroma_profile_2,detsky_sad_walkie_talkie,123,12,24,6.0,0.335119378676447,0.6702387573528941,0.5520465876010144,0.21027623384635055,0.3417703537546639,0.5499193798606599,0.3811614107236825
detsky_sad_walkie_talkie_deepchroma_profile2_S2027,deepchroma_profile_2,detsky_sad_walkie_talkie,2027,12,24,6.0,0.335119378676447,0.6702387573528941,0.44068738538785607,0.2528748566238872,0.18781252876396887,0.5667595046234607,0.3467811210058716
detsky_sad_walkie_talkie_deepchroma_profile2_S42,deepchroma_profile_2,detsky_sad_walkie_talkie,42,12,24,6.0,0.335119378676447,0.6702387573528941,0.5088091673826677,0.13945920043379548,0.36934996694887223,0.4220366448495914,0.3241341839082316
detsky_sad_walkie_talkie_deepchroma_profile3_S123,deepchroma_profile_3,detsky_sad_walkie_talkie,123,12,24,6.0,0.36890163681349614,0.7378032736269926,0.5018409653943949,0.28018864138053784,0.2216523240138571,0.6591588355749591,0.3910148033874663
detsky_sad_walkie_talkie_deepchroma_profile3_S2027,deepchroma_profile_3,detsky_sad_walkie_talkie,2027,12,24,6.0,0.36890163681349614,0.7378032736269926,0.33378688788691857,0.08348652399807971,0.25030036388883886,0.5693960809618559,0.20863670594249917
detsky_sad_walkie_talkie_deepchroma_profile3_S42,deepchroma_profile_3,detsky_sad_walkie_talkie,42,12,24,6.0,0.36890163681349614,0.7378032736269926,0.44125969317132235,0.21348788535087682,0.22777180782044554,0.5343223182282565,0.32737378926109956
forkupines_semantics_deepchroma_profile1_S123,deepchroma_profile_1,forkupines_semantics,123,20,24,10.0,0.6022405408209744,0.7226886489851694,0.47362540190370106,0.04166592886292997,0.4319594730407711,0.6508910545249678,0.40163215639690586
forkupines_semantics_deepchroma_profile1_S2027,deepchroma_profile_1,forkupines_semantics,2027,20,24,10.0,0.6022405408209744,0.7226886489851694,0.495256569815094,0.016724214954123878,0.4785323548609701,0.5934867532793727,0.4155011773382656
forkupines_semantics_deepchroma_profile1_S42,deepchroma_profile_1,forkupines_semantics,42,20,24,10.0,0.6022405408209744,0.7226886489851694,0.4120160503133487,0.05119780011920233,0.3608182501941464,0.5484718252583787,0.35187967528099096
forkupines_semantics_deepchroma_profile2_S123,deepchroma_profile_2,forkupines_semantics,123,20,24,10.0,0.6450927539383029,0.7741113047259633,0.4125205674475286,0.0496829922542468,0.36283757519328175,0.6551764283546655,0.3520476382486482
forkupines_semantics_deepchroma_profile2_S2027,deepchroma_profile_2,forkupines_semantics,2027,20,24,10.0,0.6450927539383029,0.7741113047259633,0.4543984229796769,0.028405875436066153,0.42599254754361077,0.6899123617995496,0.3833996650557418
forkupines_semantics_deepchroma_profile2_S42,deepchroma_profile_2,forkupines_semantics,42,20,24,10.0,0.6450927539383029,0.7741113047259633,0.3778349093246905,0.01606999376183718,0.3617649155628533,0.5456939767346202,0.3175407567308816
forkupines_semantics_deepchroma_profile3_S123,deepchroma_profile_3,forkupines_semantics,123,20,24,10.0,0.6120887987905445,0.7345065585486533,0.4760772172350478,0.04147607305828879,0.434601144176759,0.7139689234758869,0.40364369320558785
forkupines_semantics_deepchroma_profile3_S2027,deepchroma_profile_3,forkupines_semantics,2027,20,24,10.0,0.6120887987905445,0.7345065585486533,0.4662792697977001,0.013854042033915298,0.4524252277637848,0.6571083137571205,0.39087506517040266
forkupines_semantics_deepchroma_profile3_S42,deepchroma_profile_3,forkupines_semantics,42,20,24,10.0,0.6120887987905445,0.7345065585486533,0.40749511951915895,0.08348715529172884,0.3240079642274301,0.5697742415469614,0.3534937921479206
georgia_wonder_siren_deepchroma_profile1_S123,deepchroma_profile_1,georgia_wonder_siren,123,23,24,11.5,0.6164463965584169,0.6432484138000872,0.43006853890838,0.653059402290547,-0.22299086338216706,0.48757772116219933,0.4393598248826369
georgia_wonder_siren_deepchroma_profile1_S2027,deepchroma_profile_1,georgia_wonder_siren,2027,23,24,11.5,0.6164463965584169,0.6432484138000872,0.43814569048205204,0.06949812588084492,0.3686475646012071,0.42050702584773253,0.42278537529033516
georgia_wonder_siren_deepchroma_profile1_S42,deepchroma_profile_1,georgia_wonder_siren,42,23,24,11.5,0.6164463965584169,0.6432484138000872,0.38715420110681065,0.020891907321442083,0.36626229378536856,0.5376553618168398,0.37189327219908686
georgia_wonder_siren_deepchroma_profile2_S123,deepchroma_profile_2,georgia_wonder_siren,123,24,24,12.0,0.6931196941274607,0.6931196941274607,0.38111316066885986,0.0,0.0,0.5757546012935548,0.38111316066885986
georgia_wonder_siren_deepchroma_profile2_S2027,deepchroma_profile_2,georgia_wonder_siren,2027,24,24,12.0,0.6931196941274607,0.6931196941274607,0.4839223843747303,0.0,0.0,0.5174422101676854,0.4839223843747303
georgia_wonder_siren_deepchroma_profile2_S42,deepchroma_profile_2,georgia_wonder_siren,42,24,24,12.0,0.6931196941274607,0.6931196941274607,0.4525818892942346,0.0,0.0,0.6281186461060639,0.4525818892942346
georgia_wonder_siren_deepchroma_profile3_S123,deepchroma_profile_3,georgia_wonder_siren,123,23,24,11.5,0.6649304424085561,0.6938404616437108,0.259722033497018,0.06993132829666138,0.18979070520035662,0.5265601555332862,0.2518140874470031
georgia_wonder_siren_deepchroma_profile3_S2027,deepchroma_profile_3,georgia_wonder_siren,2027,23,24,11.5,0.6649304424085561,0.6938404616437108,0.4036099039909039,0.18138391860627645,0.22222598538462746,0.5060380387041571,0.3943504879332111
georgia_wonder_siren_deepchroma_profile3_S42,deepchroma_profile_3,georgia_wonder_siren,42,23,24,11.5,0.6649304424085561,0.6938404616437108,0.4011655049842808,0.02888012276650942,0.37228538221777135,0.6037476647725706,0.3856536140585402
girls_under_glass_we_feel_alright_deepchroma_profile1_S123,deepchroma_profile_1,girls_under_glass_we_feel_alright,123,24,24,12.0,0.8114442643358029,0.8114442643358029,0.49382264328559716,0.0,0.0,0.5905667946994714,0.49382264328559716
girls_under_glass_we_feel_alright_deepchroma_profile1_S2027,deepchroma_profile_1,girls_under_glass_we_feel_alright,2027,24,24,12.0,0.8114442643358029,0.8114442643358029,0.4913344085751099,0.0,0.0,0.6236854752734169,0.4913344085751099
girls_under_glass_we_feel_alright_deepchroma_profile1_S42,deepchroma_profile_1,girls_under_glass_we_feel_alright,42,24,24,12.0,0.8114442643358029,0.8114442643358029,0.3096469955700248,0.0,0.0,0.5566254909984966,0.3096469955700248
girls_under_glass_we_feel_alright_deepchroma_profile2_S123,deepchroma_profile_2,girls_under_glass_we_feel_alright,123,24,24,12.0,0.7692134802419126,0.7692134802419126,0.488094545640446,0.0,0.0,0.5399929207685505,0.488094545640446
girls_under_glass_we_feel_alright_deepchroma_profile2_S2027,deepchroma_profile_2,girls_under_glass_we_feel_alright,2027,24,24,12.0,0.7692134802419126,0.7692134802419126,0.486085440797988,0.0,0.0,0.6536362416395326,0.486085440797988
girls_under_glass_we_feel_alright_deepchroma_profile2_S42,deepchroma_profile_2,girls_under_glass_we_feel_alright,42,24,24,12.0,0.7692134802419126,0.7692134802419126,0.3464456388441328,0.0,0.0,0.5531526304972926,0.3464456388441328
girls_under_glass_we_feel_alright_deepchroma_profile3_S123,deepchroma_profile_3,girls_under_glass_we_feel_alright,123,24,24,12.0,0.7360259233454078,0.7360259233454078,0.45028432243844496,0.0,0.0,0.5385466860902607,0.45028432243844496
girls_under_glass_we_feel_alright_deepchroma_profile3_S2027,deepchroma_profile_3,girls_under_glass_we_feel_alright,2027,24,24,12.0,0.7360259233454078,0.7360259233454078,0.49149519908350525,0.0,0.0,0.6178689849935263,0.49149519908350525
girls_under_glass_we_feel_alright_deepchroma_profile3_S42,deepchroma_profile_3,girls_under_glass_we_feel_alright,42,24,24,12.0,0.7360259233454078,0.7360259233454078,0.3894707690190476,0.0,0.0,0.6456713079344994,0.3894707690190476
hollow_ground_ill_fate_deepchroma_profile1_S123,deepchroma_profile_1,hollow_ground_ill_fate,123,24,24,12.0,0.819178826593341,0.819178826593341,0.4625910338396751,0.0,0.0,0.578193532361205,0.4625910338396751
hollow_ground_ill_fate_deepchroma_profile1_S2027,deepchroma_profile_1,hollow_ground_ill_fate,2027,24,24,12.0,0.819178826593341,0.819178826593341,0.392683814431736,0.0,0.0,0.4684297311798342,0.392683814431736
hollow_ground_ill_fate_deepchroma_profile1_S42,deepchroma_profile_1,hollow_ground_ill_fate,42,24,24,12.0,0.819178826593341,0.819178826593341,0.550009722183808,0.0,0.0,0.7647209564187624,0.550009722183808
hollow_ground_ill_fate_deepchroma_profile2_S123,deepchroma_profile_2,hollow_ground_ill_fate,123,24,24,12.0,0.8495619220540584,0.8495619220540584,0.5159957040295969,0.0,0.0,0.6495016607716109,0.5159957040295969
hollow_ground_ill_fate_deepchroma_profile2_S2027,deepchroma_profile_2,hollow_ground_ill_fate,2027,24,24,12.0,0.8495619220540584,0.8495619220540584,0.40597040959065184,0.0,0.0,0.5039811852649912,0.40597040959065184
hollow_ground_ill_fate_deepchroma_profile2_S42,deepchroma_profile_2,hollow_ground_ill_fate,42,24,24,12.0,0.8495619220540584,0.8495619220540584,0.5032648061813054,0.0,0.0,0.7406465146204736,0.5032648061813054
hollow_ground_ill_fate_deepchroma_profile3_S123,deepchroma_profile_3,hollow_ground_ill_fate,123,24,24,12.0,0.824167015096864,0.824167015096864,0.4804830846273256,0.0,0.0,0.5497908354800436,0.4804830846273256
hollow_ground_ill_fate_deepchroma_profile3_S2027,deepchroma_profile_3,hollow_ground_ill_fate,2027,24,24,12.0,0.824167015096864,0.824167015096864,0.3891109263341653,0.0,0.0,0.49316492132189954,0.3891109263341653
hollow_ground_ill_fate_deepchroma_profile3_S42,deepchroma_profile_3,hollow_ground_ill_fate,42,24,24,12.0,0.824167015096864,0.824167015096864,0.48767742034562095,0.0,0.0,0.6305185738663747,0.48767742034562095
juliet_s_rescue_heartbeats_deepchroma_profile1_S123,deepchroma_profile_1,juliet_s_rescue_heartbeats,123,19,24,9.5,0.545449904512375,0.6889893530682633,0.3055713686295217,0.05529387212038388,0.25027749650913783,0.4516895203227707,0.25343022352345135
juliet_s_rescue_heartbeats_deepchroma_profile1_S2027,deepchroma_profile_1,juliet_s_rescue_heartbeats,2027,19,24,9.5,0.545449904512375,0.6889893530682633,0.6206299069842931,0.03077167339505147,0.5898582335892416,0.5584405896374649,0.4977427749865344
juliet_s_rescue_heartbeats_deepchroma_profile1_S42,deepchroma_profile_1,juliet_s_rescue_heartbeats,42,19,24,9.5,0.545449904512375,0.6889893530682633,0.3014504914848077,0.15585467038032194,0.14559582110448574,0.35747086436131104,0.27111802875470653
juliet_s_rescue_heartbeats_deepchroma_profile2_S123,deepchroma_profile_2,juliet_s_rescue_heartbeats,123,19,24,9.5,0.48357193575934687,0.6108277083275961,0.3518544608512766,0.08432455460192796,0.26752990624934864,0.4034251961446608,0.29611906371599567
juliet_s_rescue_heartbeats_deepchroma_profile2_S2027,deepchroma_profile_2,juliet_s_rescue_heartbeats,2027,19,24,9.5,0.48357193575934687,0.6108277083275961,0.5005534500350903,0.06652740420149013,0.4340260458336002,0.4156304036733653,0.4101313571530903
juliet_s_rescue_heartbeats_deepchroma_profile2_S42,deepchroma_profile_2,juliet_s_rescue_heartbeats,42,19,24,9.5,0.48357193575934687,0.6108277083275961,0.2680454014077737,0.18012021878927814,0.08792518261849558,0.2733474151690021,0.24972765502892047
juliet_s_rescue_heartbeats_deepchroma_profile3_S123,deepchroma_profile_3,juliet_s_rescue_heartbeats,123,19,24,9.5,0.5315610156234861,0.6714454934191404,0.43271081716706317,0.06747856296137025,0.36523225420569294,0.48594108671268327,0.35662076420754385
juliet_s_rescue_heartbeats_deepchroma_profile3_S2027,deepchroma_profile_3,juliet_s_rescue_heartbeats,2027,19,24,9.5,0.5315610156234861,0.6714454934191404,0.623515724568428,0.06568873312476645,0.5578269914436615,0.5761863435110389,0.5073017680176651
juliet_s_rescue_heartbeats_deepchroma_profile3_S42,deepchroma_profile_3,juliet_s_rescue_heartbeats,42,19,24,9.5,0.5315610156234861,0.6714454934191404,0.3064020781562011,0.20922521256541335,0.09717686559078773,0.4210241944070787,0.286156897824787
little_chicago_s_finest_my_own_deepchroma_profile1_S123,deepchroma_profile_1,little_chicago_s_finest_my_own,123,24,24,12.0,0.9184219315172745,0.9184219315172745,0.2878475485693308,0.0,0.0,0.2967225122610592,0.2878475485693308
little_chicago_s_finest_my_own_deepchroma_profile1_S2027,deepchroma_profile_1,little_chicago_s_finest_my_own,2027,24,24,12.0,0.9184219315172745,0.9184219315172745,0.34233954845273046,0.0,0.0,0.1814547857918147,0.34233954845273046
little_chicago_s_finest_my_own_deepchroma_profile1_S42,deepchroma_profile_1,little_chicago_s_finest_my_own,42,24,24,12.0,0.9184219315172745,0.9184219315172745,0.3994223899549567,0.0,0.0,0.3049198966620702,0.3994223899549567
little_chicago_s_finest_my_own_deepchroma_profile2_S123,deepchroma_profile_2,little_chicago_s_finest_my_own,123,24,24,12.0,0.877009982404933,0.877009982404933,0.2881176689455864,0.0,0.0,0.27626571215516704,0.2881176689455864
little_chicago_s_finest_my_own_deepchroma_profile2_S2027,deepchroma_profile_2,little_chicago_s_finest_my_own,2027,24,24,12.0,0.877009982404933,0.877009982404933,0.3281319587651604,0.0,0.0,0.16203535498560048,0.3281319587651604
little_chicago_s_finest_my_own_deepchroma_profile2_S42,deepchroma_profile_2,little_chicago_s_finest_my_own,42,24,24,12.0,0.877009982404933,0.877009982404933,0.36797447529770316,0.0,0.0,0.2640647017201665,0.36797447529770316
little_chicago_s_finest_my_own_deepchroma_profile3_S123,deepchroma_profile_3,little_chicago_s_finest_my_own,123,24,24,12.0,0.8989033257644973,0.8989033257644973,0.3795596800270868,0.0,0.0,0.3794654197637836,0.3795596800270868
little_chicago_s_finest_my_own_deepchroma_profile3_S2027,deepchroma_profile_3,little_chicago_s_finest_my_own,2027,24,24,12.0,0.8989033257644973,0.8989033257644973,0.3691320673508593,0.0,0.0,0.18989141757625427,0.3691320673508593
little_chicago_s_finest_my_own_deepchroma_profile3_S42,deepchroma_profile_3,little_chicago_s_finest_my_own,42,24,24,12.0,0.8989033257644973,0.8989033257644973,0.3600571250467131,0.0,0.0,0.28389979571339374,0.3600571250467131
louis_cressy_band_good_time_deepchroma_profile1_S123,deepchroma_profile_1,louis_cressy_band_good_time,123,21,24,10.5,0.49749855867741016,0.5685697813456115,0.45706149037268995,0.01581283417376156,0.4412486561989284,0.3382755546203182,0.4019054083478239
louis_cressy_band_good_time_deepchroma_profile1_S2027,deepchroma_profile_1,louis_cressy_band_good_time,2027,21,24,10.5,0.49749855867741016,0.5685697813456115,0.5773996691600795,0.017716926217112183,0.5596827429429673,0.31792977262806915,0.5074393262922084
louis_cressy_band_good_time_deepchroma_profile1_S42,deepchroma_profile_1,louis_cressy_band_good_time,42,21,24,10.5,0.49749855867741016,0.5685697813456115,0.551273601524274,0.0255112867839223,0.5257623147403516,0.456250611848885,0.48555331218173
louis_cressy_band_good_time_deepchroma_profile2_S123,deepchroma_profile_2,louis_cressy_band_good_time,123,21,24,10.5,0.5344195981667372,0.6107652550476997,0.479997669556667,0.06627315645484348,0.4137245131018235,0.2763761527718666,0.42828210541893913
louis_cressy_band_good_time_deepchroma_profile2_S2027,deepchroma_profile_2,louis_cressy_band_good_time,2027,21,24,10.5,0.5344195981667372,0.6107652550476997,0.6179522223755667,0.053019447321858815,0.5649327750537079,0.4144658621953881,0.5473356254938533
louis_cressy_band_good_time_deepchroma_profile2_S42,deepchroma_profile_2,louis_cressy_band_good_time,42,21,24,10.5,0.5344195981667372,0.6107652550476997,0.5226078805079211,0.203194687742685,0.31941319276523605,0.5162826985003411,0.4826812314122666
louis_cressy_band_good_time_deepchroma_profile3_S123,deepchroma_profile_3,louis_cressy_band_good_time,123,21,24,10.5,0.5036520652589647,0.5756023602959596,0.4863312051603025,0.19866021302640244,0.2876709921339,0.2859836602016643,0.45037233114356506
louis_cressy_band_good_time_deepchroma_profile3_S2027,deepchroma_profile_3,louis_cressy_band_good_time,2027,21,24,10.5,0.5036520652589647,0.5756023602959596,0.6424966788492902,0.05289270787438264,0.5896039709749076,0.39107065383012307,0.5687961824774268
louis_cressy_band_good_time_deepchroma_profile3_S42,deepchroma_profile_3,louis_cressy_band_good_time,42,21,24,10.5,0.5036520652589647,0.5756023602959596,0.586342595886842,0.09146613183126007,0.49487646405558194,0.4968135024787901,0.524483037879894
lyndsey_ollard_catching_up_deepchroma_profile1_S123,deepchroma_profile_1,lyndsey_ollard_catching_up,123,23,24,11.5,0.5901501884454828,0.6158088922909387,0.21154503546746123,0.05001777410507202,0.1615272613623892,0.34218423076778476,0.204814732910695
lyndsey_ollard_catching_up_deepchroma_profile1_S2027,deepchroma_profile_1,lyndsey_ollard_catching_up,2027,23,24,11.5,0.5901501884454828,0.6158088922909387,0.41651269365960114,0.0041359663009643555,0.4123767273586368,0.5293458888785946,0.39933033001965795
lyndsey_ollard_catching_up_deepchroma_profile1_S42,deepchroma_profile_1,lyndsey_ollard_catching_up,42,23,24,11.5,0.5901501884454828,0.6158088922909387,0.3759633955049066,0.0679664096792233,0.3079969858256833,0.48172330047746675,0.3631301877621698
lyndsey_ollard_catching_up_deepchroma_profile2_S123,deepchroma_profile_2,lyndsey_ollard_catching_up,123,23,24,11.5,0.543413975689388,0.5670406702845788,0.22826542569483713,0.018306612968444824,0.2099588127263923,0.25599443106412584,0.21951714183123747
lyndsey_ollard_catching_up_deepchroma_profile2_S2027,deepchroma_profile_2,lyndsey_ollard_catching_up,2027,23,24,11.5,0.543413975689388,0.5670406702845788,0.3902049334970818,0.004614114761352539,0.38559081873572926,0.47836037154001937,0.37413864938309316
lyndsey_ollard_catching_up_deepchroma_profile2_S42,deepchroma_profile_2,lyndsey_ollard_catching_up,42,23,24,11.5,0.543413975689388,0.5670406702845788,0.37693921288599913,0.07784075008873637,0.29909846279726277,0.45306775644955666,0.3644767769361132
lyndsey_ollard_catching_up_deepchroma_profile3_S123,deepchroma_profile_3,lyndsey_ollard_catching_up,123,23,24,11.5,0.562372410667705,0.5868233850445619,0.17188185687010965,0.2337549328804016,-0.06187307601029196,0.2943624895460529,0.17445990170387182
lyndsey_ollard_catching_up_deepchroma_profile3_S2027,deepchroma_profile_3,lyndsey_ollard_catching_up,2027,23,24,11.5,0.562372410667705,0.5868233850445619,0.3628084317834494,0.010015010833740234,0.35279342094970917,0.46004218123072066,0.3481087059105448
lyndsey_ollard_catching_up_deepchroma_profile3_S42,deepchroma_profile_3,lyndsey_ollard_catching_up,42,23,24,11.5,0.562372410667705,0.5868233850445619,0.3528161374157048,0.026831688096027873,0.3259844493196769,0.4462270291169942,0.339233452027385
motor_tapes_shore_deepchroma_profile1_S123,deepchroma_profile_1,motor_tapes_shore,123,17,24,8.5,0.45614362138874265,0.6439674654899896,0.3945824222974196,0.06852849245765022,0.32605392983976933,0.38801645861740364,0.29948335942748683
motor_tapes_shore_deepchroma_profile1_S2027,deepchroma_profile_1,motor_tapes_shore,2027,17,24,8.5,0.45614362138874265,0.6439674654899896,0.5036054209711867,0.00600459759540785,0.4976008233757788,0.5518287531806014,0.3584718474865845
motor_tapes_shore_deepchroma_profile1_S42,deepchroma_profile_1,motor_tapes_shore,42,17,24,8.5,0.45614362138874265,0.6439674654899896,0.38960922324165365,0.0037909491263395773,0.38581827411531405,0.47735083414283014,0.2770788932913537
motor_tapes_shore_deepchroma_profile2_S123,deepchroma_profile_2,motor_tapes_shore,123,17,24,8.5,0.44225473249985375,0.6243596223527348,0.38791599899258666,0.06133313054073559,0.3265828684518511,0.3900826555579992,0.2926626623607968
motor_tapes_shore_deepchroma_profile2_S2027,deepchroma_profile_2,motor_tapes_shore,2027,17,24,8.5,0.44225473249985375,0.6243596223527348,0.4757899803262043,0.005985055934052107,0.46980492439215216,0.553691662886853,0.3387635440451599
motor_tapes_shore_deepchroma_profile2_S42,deepchroma_profile_2,motor_tapes_shore,42,17,24,8.5,0.44225473249985375,0.6243596223527348,0.42122127221295225,0.0032932759202576483,0.4179279962926946,0.4894257511718685,0.299325606627583
motor_tapes_shore_deepchroma_profile3_S123,deepchroma_profile_3,motor_tapes_shore,123,17,24,8.5,0.44225473249985375,0.6243596223527348,0.42128267658027196,0.07972474691101697,0.341557929669255,0.389101515057676,0.3216616137600726
motor_tapes_shore_deepchroma_profile3_S2027,deepchroma_profile_3,motor_tapes_shore,2027,17,24,8.5,0.44225473249985375,0.6243596223527348,0.4772957326710307,0.006525278161694713,0.47077045450933597,0.5360953608377801,0.33998768343914104
motor_tapes_shore_deepchroma_profile3_S42,deepchroma_profile_3,motor_tapes_shore,42,17,24,8.5,0.44225473249985375,0.6243596223527348,0.4520552112536259,0.004230226881331995,0.4478249843722939,0.5740206304969762,0.32143959081170687
nerve_9_pray_for_the_rain_deepchroma_profile1_S123,deepchroma_profile_1,nerve_9_pray_for_the_rain,123,16,24,8.0,0.3837754149169779,0.5756631223754669,0.33750133301532703,0.022598646581172943,0.3149026864341541,0.26464806442515676,0.232533770870609
nerve_9_pray_for_the_rain_deepchroma_profile1_S2027,deepchroma_profile_1,nerve_9_pray_for_the_rain,2027,16,24,8.0,0.3837754149169779,0.5756631223754669,0.4238856724441805,0.1066624277732958,0.3172232446708847,0.37604240732607774,0.31814459088721897
nerve_9_pray_for_the_rain_deepchroma_profile1_S42,deepchroma_profile_1,nerve_9_pray_for_the_rain,42,16,24,8.0,0.3837754149169779,0.5756631223754669,0.3810566422315226,0.027388507627920985,0.3536681346036016,0.2973664029654498,0.26316726403032203
nerve_9_pray_for_the_rain_deepchroma_profile2_S123,deepchroma_profile_2,nerve_9_pray_for_the_rain,123,16,24,8.0,0.3837754149169779,0.5756631223754669,0.36781404555785047,0.018463910184545212,0.3493501353733053,0.2831341960532648,0.2513640004334154
nerve_9_pray_for_the_rain_deepchroma_profile2_S2027,deepchroma_profile_2,nerve_9_pray_for_the_rain,2027,16,24,8.0,0.3837754149169779,0.5756631223754669,0.4265031933393679,0.08447468132011172,0.3420285120192562,0.4062160427435616,0.3124936893329492
nerve_9_pray_for_the_rain_deepchroma_profile2_S42,deepchroma_profile_2,nerve_9_pray_for_the_rain,42,16,24,8.0,0.3837754149169779,0.5756631223754669,0.4190478001375127,0.03628164838641046,0.38276615175110223,0.21036615280548532,0.2914590828871453
nerve_9_pray_for_the_rain_deepchroma_profile3_S123,deepchroma_profile_3,nerve_9_pray_for_the_rain,123,16,24,8.0,0.34176268008884764,0.5126440201332715,0.4069747490045472,0.028842785006747237,0.37813196399779997,0.2798426761891587,0.2809307610052806
nerve_9_pray_for_the_rain_deepchroma_profile3_S2027,deepchroma_profile_3,nerve_9_pray_for_the_rain,2027,16,24,8.0,0.34176268008884764,0.5126440201332715,0.41171297326836187,0.05002940706235187,0.36168356620601,0.3305515508593226,0.2911517845330252
nerve_9_pray_for_the_rain_deepchroma_profile3_S42,deepchroma_profile_3,nerve_9_pray_for_the_rain,42,16,24,8.0,0.34176268008884764,0.5126440201332715,0.42887204449187954,0.05612906330454874,0.3727429811873308,0.2299221076984555,0.30462438409610254
pr_oh_no_deepchroma_profile1_S123,deepchroma_profile_1,pr_oh_no,123,24,24,12.0,0.9747987963630771,0.9747987963630771,0.3571849584510292,0.0,0.0,0.25376879860001383,0.3571849584510292
pr_oh_no_deepchroma_profile1_S2027,deepchroma_profile_1,pr_oh_no,2027,24,24,12.0,0.9747987963630771,0.9747987963630771,0.3146853543543607,0.0,0.0,0.4305773303945936,0.3146853543543607
pr_oh_no_deepchroma_profile1_S42,deepchroma_profile_1,pr_oh_no,42,24,24,12.0,0.9747987963630771,0.9747987963630771,0.3805608047952754,0.0,0.0,0.4176060421723092,0.3805608047952754
pr_oh_no_deepchroma_profile2_S123,deepchroma_profile_2,pr_oh_no,123,24,24,12.0,0.9447937330386327,0.9447937330386327,0.33969355313467203,0.0,0.0,0.25869767887498574,0.33969355313467203
pr_oh_no_deepchroma_profile2_S2027,deepchroma_profile_2,pr_oh_no,2027,24,24,12.0,0.9447937330386327,0.9447937330386327,0.2832953791376504,0.0,0.0,0.3867847379256239,0.2832953791376504
pr_oh_no_deepchroma_profile2_S42,deepchroma_profile_2,pr_oh_no,42,24,24,12.0,0.9447937330386327,0.9447937330386327,0.37206200262110123,0.0,0.0,0.3673364833106663,0.37206200262110123
pr_oh_no_deepchroma_profile3_S123,deepchroma_profile_3,pr_oh_no,123,24,24,12.0,0.9447937330386326,0.9447937330386326,0.3755807257191957,0.0,0.0,0.2997487577809452,0.3755807257191957
pr_oh_no_deepchroma_profile3_S2027,deepchroma_profile_3,pr_oh_no,2027,24,24,12.0,0.9447937330386326,0.9447937330386326,0.2799313821263578,0.0,0.0,0.39264544194069967,0.2799313821263578
pr_oh_no_deepchroma_profile3_S42,deepchroma_profile_3,pr_oh_no,42,24,24,12.0,0.9447937330386326,0.9447937330386326,0.3597644164311058,0.0,0.0,0.381234833431112,0.3597644164311058
punkdisco_oral_hygiene_deepchroma_profile1_S123,deepchroma_profile_1,punkdisco_oral_hygiene,123,24,24,12.0,0.6251553168964623,0.6251553168964623,0.5051843360380794,0.0,0.0,0.37217194501169854,0.5051843360380794
punkdisco_oral_hygiene_deepchroma_profile1_S2027,deepchroma_profile_1,punkdisco_oral_hygiene,2027,24,24,12.0,0.6251553168964623,0.6251553168964623,0.3443533167691554,0.0,0.0,0.3938216478457883,0.3443533167691554
punkdisco_oral_hygiene_deepchroma_profile1_S42,deepchroma_profile_1,punkdisco_oral_hygiene,42,24,24,12.0,0.6251553168964623,0.6251553168964623,0.6852631325580854,0.0,0.0,0.5377860217285593,0.6852631325580854
punkdisco_oral_hygiene_deepchroma_profile2_S123,deepchroma_profile_2,punkdisco_oral_hygiene,123,24,24,12.0,0.6251553168964623,0.6251553168964623,0.532195667715999,0.0,0.0,0.43277731527284163,0.532195667715999
punkdisco_oral_hygiene_deepchroma_profile2_S2027,deepchroma_profile_2,punkdisco_oral_hygiene,2027,24,24,12.0,0.6251553168964623,0.6251553168964623,0.32361427234036605,0.0,0.0,0.38154498025311095,0.32361427234036605
punkdisco_oral_hygiene_deepchroma_profile2_S42,deepchroma_profile_2,punkdisco_oral_hygiene,42,24,24,12.0,0.6251553168964623,0.6251553168964623,0.6532212900396803,0.0,0.0,0.5460689760924612,0.6532212900396803
punkdisco_oral_hygiene_deepchroma_profile3_S123,deepchroma_profile_3,punkdisco_oral_hygiene,123,24,24,12.0,0.6390442057853513,0.6390442057853513,0.5188798499115691,0.0,0.0,0.420929435466167,0.5188798499115691
punkdisco_oral_hygiene_deepchroma_profile3_S2027,deepchroma_profile_3,punkdisco_oral_hygiene,2027,24,24,12.0,0.6390442057853513,0.6390442057853513,0.3292301665218093,0.0,0.0,0.38207456626038,0.3292301665218093
punkdisco_oral_hygiene_deepchroma_profile3_S42,deepchroma_profile_3,punkdisco_oral_hygiene,42,24,24,12.0,0.6390442057853513,0.6390442057853513,0.6716714847090731,0.0,0.0,0.5438629477627773,0.6716714847090731
raft_monk_tiring_deepchroma_profile1_S123,deepchroma_profile_1,raft_monk_tiring,123,20,24,10.0,0.5459863531321445,0.6551836237585733,0.4291752935540118,0.03996807682770029,0.38920721672631153,0.486930906994038,0.3643074240996265
raft_monk_tiring_deepchroma_profile1_S2027,deepchroma_profile_1,raft_monk_tiring,2027,20,24,10.0,0.5459863531321445,0.6551836237585733,0.3216526060146688,0.01601098535658621,0.30564162065808254,0.3431894794003352,0.27071233590498833
raft_monk_tiring_deepchroma_profile1_S42,deepchroma_profile_1,raft_monk_tiring,42,20,24,10.0,0.5459863531321445,0.6551836237585733,0.3860557028814824,0.09503445370886007,0.2910212491726223,0.46401879720880546,0.337552161352712
raft_monk_tiring_deepchroma_profile2_S123,deepchroma_profile_2,raft_monk_tiring,123,20,24,10.0,0.5501454493290795,0.6601745391948953,0.4541805923713148,0.08495164430429503,0.3692289480670198,0.4339576177994003,0.39264243436014484
raft_monk_tiring_deepchroma_profile2_S2027,deepchroma_profile_2,raft_monk_tiring,2027,20,24,10.0,0.5501454493290795,0.6601745391948953,0.364155698699004,0.17793113219297585,0.18622456650602814,0.4115620988242856,0.33311827094799923
raft_monk_tiring_deepchroma_profile2_S42,deepchroma_profile_2,raft_monk_tiring,42,20,24,10.0,0.5501454493290795,0.6601745391948953,0.39110029634872767,0.07201208808758239,0.31908820826114526,0.41327619706330293,0.3379189283052035
raft_monk_tiring_deepchroma_profile3_S123,deepchroma_profile_3,raft_monk_tiring,123,20,24,10.0,0.5607734536252906,0.6729281443503486,0.5098591859555042,0.04602824511972636,0.4638309408357778,0.5939294534744937,0.43255402914954116
raft_monk_tiring_deepchroma_profile3_S2027,deepchroma_profile_3,raft_monk_tiring,2027,20,24,10.0,0.5607734536252906,0.6729281443503486,0.33553966425297316,0.15523450224371702,0.18030516200925614,0.3670913875852649,0.30548880391809713
raft_monk_tiring_deepchroma_profile3_S42,deepchroma_profile_3,raft_monk_tiring,42,20,24,10.0,0.5607734536252906,0.6729281443503486,0.44715346867938566,0.06892066101372785,0.3782328076656578,0.5316529215540577,0.3841146674017761
sambasevam_shanmugam_kaathaadi_deepchroma_profile1_S123,deepchroma_profile_1,sambasevam_shanmugam_kaathaadi,123,19,24,9.5,0.6397182638848516,0.8080651754334971,0.3901295480668563,0.21539085260052832,0.17473869546632798,0.5769802967052103,0.353725653178038
sambasevam_shanmugam_kaathaadi_deepchroma_profile1_S2027,deepchroma_profile_1,sambasevam_shanmugam_kaathaadi,2027,19,24,9.5,0.6397182638848516,0.8080651754334971,0.42743760992215374,0.02804442654801349,0.39939318337414026,0.6365691948917128,0.34423069671920786
sambasevam_shanmugam_kaathaadi_deepchroma_profile1_S42,deepchroma_profile_1,sambasevam_shanmugam_kaathaadi,42,19,24,9.5,0.6397182638848516,0.8080651754334971,0.5072780897251691,0.06149027756960344,0.4457878121555656,0.7386321127882541,0.4144056288594262
sambasevam_shanmugam_kaathaadi_deepchroma_profile2_S123,deepchroma_profile_2,sambasevam_shanmugam_kaathaadi,123,19,24,9.5,0.6771870052078288,0.855394111841468,0.4248223872621825,0.2600197885230832,0.1648025987390993,0.6505715300700273,0.3904885125248702
sambasevam_shanmugam_kaathaadi_deepchroma_profile2_S2027,deepchroma_profile_2,sambasevam_shanmugam_kaathaadi,2027,19,24,9.5,0.6771870052078288,0.855394111841468,0.4017198139750353,0.020745003788808725,0.3809748101862266,0.7432351178705654,0.32235006185290477
sambasevam_shanmugam_kaathaadi_deepchroma_profile2_S42,deepchroma_profile_2,sambasevam_shanmugam_kaathaadi,42,19,24,9.5,0.6771870052078288,0.855394111841468,0.4298634568373569,0.0481200112484879,0.38174344558886897,0.7172887304206368,0.3503335723396758
sambasevam_shanmugam_kaathaadi_deepchroma_profile3_S123,deepchroma_profile_3,sambasevam_shanmugam_kaathaadi,123,19,24,9.5,0.6433928132156564,0.812706711430303,0.42103488757421237,0.0663472195244802,0.3546876680497322,0.6549857511042877,0.34714162339718485
sambasevam_shanmugam_kaathaadi_deepchroma_profile3_S2027,deepchroma_profile_3,sambasevam_shanmugam_kaathaadi,2027,19,24,9.5,0.6433928132156564,0.812706711430303,0.3767841699156403,0.04084863693352505,0.33593553298211526,0.6413362013719058,0.3067976005443663
sambasevam_shanmugam_kaathaadi_deepchroma_profile3_S42,deepchroma_profile_3,sambasevam_shanmugam_kaathaadi,42,19,24,9.5,0.6433928132156564,0.812706711430303,0.465481090661549,0.0164523370626072,0.44902875359894184,0.7177693726172588,0.37193343366176945
secretariat_borderline_deepchroma_profile1_S123,deepchroma_profile_1,secretariat_borderline,123,12,24,6.0,0.24871620190027563,0.49743240380055137,0.46951653165062995,0.23153509185195054,0.23798143979867942,0.4370561762561767,0.35052581175129033
secretariat_borderline_deepchroma_profile1_S2027,deepchroma_profile_1,secretariat_borderline,2027,12,24,6.0,0.24871620190027563,0.49743240380055137,0.3119337580953266,0.05225441036375189,0.2596793477315747,0.3769892845213694,0.18209408422953924
secretariat_borderline_deepchroma_profile1_S42,deepchroma_profile_1,secretariat_borderline,42,12,24,6.0,0.24871620190027563,0.49743240380055137,0.38948498717097674,0.058970492339397,0.33051449483157974,0.5241637714421256,0.22422773975518692
secretariat_borderline_deepchroma_profile2_S123,deepchroma_profile_2,secretariat_borderline,123,12,24,6.0,0.23932062655024047,0.4786412531004811,0.45900518121551426,0.24625331017747829,0.21275187103803597,0.457904052546863,0.3526292456964963
secretariat_borderline_deepchroma_profile2_S2027,deepchroma_profile_2,secretariat_borderline,2027,12,24,6.0,0.23932062655024047,0.4786412531004811,0.39784987769410624,0.06373389615634358,0.3341159815377627,0.3994684001870705,0.2307918869252249
secretariat_borderline_deepchroma_profile2_S42,deepchroma_profile_2,secretariat_borderline,42,12,24,6.0,0.23932062655024047,0.4786412531004811,0.3364429043866483,0.07095084015494034,0.26549206423170796,0.4089453521510917,0.20369687227079428
secretariat_borderline_deepchroma_profile3_S123,deepchroma_profile_3,secretariat_borderline,123,12,24,6.0,0.23932062655024047,0.4786412531004811,0.4894781098647634,0.2547442691244461,0.23473384074031733,0.5365884819997953,0.37211118949460475
secretariat_borderline_deepchroma_profile3_S2027,deepchroma_profile_3,secretariat_borderline,2027,12,24,6.0,0.23932062655024047,0.4786412531004811,0.3962911603607173,0.05380872017307928,0.34248244018763807,0.45671913489334587,0.22504994026689826
secretariat_borderline_deepchroma_profile3_S42,deepchroma_profile_3,secretariat_borderline,42,12,24,6.0,0.23932062655024047,0.4786412531004811,0.39497386042093785,0.06400104149130757,0.33097281892963026,0.47682081770890067,0.22948745095612266
secretariat_over_the_top_deepchroma_profile1_S123,deepchroma_profile_1,secretariat_over_the_top,123,20,24,10.0,0.597806882392019,0.7173682588704228,0.41840938074852296,0.051742705162536456,0.36666667558598653,0.638655668538426,0.3572982681508586
secretariat_over_the_top_deepchroma_profile1_S2027,deepchroma_profile_1,secretariat_over_the_top,2027,20,24,10.0,0.597806882392019,0.7173682588704228,0.36781193105215426,0.13024703359305956,0.2375648974590947,0.43211421528920296,0.32821778147563846
secretariat_over_the_top_deepchroma_profile1_S42,deepchroma_profile_1,secretariat_over_the_top,42,20,24,10.0,0.597806882392019,0.7173682588704228,0.3629758447807657,0.03470279389755601,0.3282730508832097,0.5023564401477505,0.30826366963356416
secretariat_over_the_top_deepchroma_profile2_S123,deepchroma_profile_2,secretariat_over_the_top,123,20,24,10.0,0.6745510310774431,0.8094612372929317,0.43298615740684704,0.017384410013204565,0.4156017473936425,0.6371311273451183,0.3637191995079066
secretariat_over_the_top_deepchroma_profile2_S2027,deepchroma_profile_2,secretariat_over_the_top,2027,20,24,10.0,0.6745510310774431,0.8094612372929317,0.35243465075783725,0.033837722538631904,0.3185969282192054,0.49815063963508033,0.29933516272130306
secretariat_over_the_top_deepchroma_profile2_S42,deepchroma_profile_2,secretariat_over_the_top,42,20,24,10.0,0.6745510310774431,0.8094612372929317,0.39534144061656984,0.08196096305007228,0.31338047756649756,0.5476932046354653,0.3431113610221536
secretariat_over_the_top_deepchroma_profile3_S123,deepchroma_profile_3,secretariat_over_the_top,123,20,24,10.0,0.6186845314012944,0.7424214376815533,0.4215618121946575,0.051572353426975914,0.3699894587676816,0.6977164493300337,0.35989690240004385
secretariat_over_the_top_deepchroma_profile3_S2027,deepchroma_profile_3,secretariat_over_the_top,2027,20,24,10.0,0.6186845314012944,0.7424214376815533,0.41767663528099847,0.11270853089771185,0.3049681043832866,0.5056546820598508,0.36684861788378403
secretariat_over_the_top_deepchroma_profile3_S42,deepchroma_profile_3,secretariat_over_the_top,42,20,24,10.0,0.6186845314012944,0.7424214376815533,0.4008878509831032,0.0268247433155758,0.3740631076675274,0.526621481741776,0.33854399970518195
signe_jakobsen_what_have_you_done_to_me_deepchroma_profile1_S123,deepchroma_profile_1,signe_jakobsen_what_have_you_done_to_me,123,18,24,9.0,0.569482078293457,0.7593094377246095,0.2960008011226397,0.09054898484714095,0.20545181627549874,0.46476779233608795,0.244637847053765
signe_jakobsen_what_have_you_done_to_me_deepchroma_profile1_S2027,deepchroma_profile_1,signe_jakobsen_what_have_you_done_to_me,2027,18,24,9.0,0.569482078293457,0.7593094377246095,0.36249272538708593,0.14435141100332913,0.2181413143837568,0.7067210063485779,0.3079573967911467
signe_jakobsen_what_have_you_done_to_me_deepchroma_profile1_S42,deepchroma_profile_1,signe_jakobsen_what_have_you_done_to_me,42,18,24,9.0,0.569482078293457,0.7593094377246095,0.4569096371593495,0.3452763579446743,0.1116332792146752,0.6011166168149522,0.4290013173556808
signe_jakobsen_what_have_you_done_to_me_deepchroma_profile2_S123,deepchroma_profile_2,signe_jakobsen_what_have_you_done_to_me,123,18,24,9.0,0.5971105185525456,0.796147358070061,0.3166554961268009,0.09314432206202237,0.2235111740647785,0.5877292215812902,0.26077770261060623
signe_jakobsen_what_have_you_done_to_me_deepchroma_profile2_S2027,deepchroma_profile_2,signe_jakobsen_what_have_you_done_to_me,2027,18,24,9.0,0.5971105185525456,0.796147358070061,0.2943782039536441,0.07274074128710208,0.22163746266654205,0.6115998645157407,0.23896883828700857
signe_jakobsen_what_have_you_done_to_me_deepchroma_profile2_S42,deepchroma_profile_2,signe_jakobsen_what_have_you_done_to_me,42,18,24,9.0,0.5971105185525456,0.796147358070061,0.4406169454305855,0.17610797975580525,0.2645089656747802,0.6142565949999785,0.37448970401189047
signe_jakobsen_what_have_you_done_to_me_deepchroma_profile3_S123,deepchroma_profile_3,signe_jakobsen_what_have_you_done_to_me,123,18,24,9.0,0.5971105185525457,0.796147358070061,0.33916980556325327,0.11055707500875571,0.22861273055449755,0.5694551887039444,0.28201662292462887
signe_jakobsen_what_have_you_done_to_me_deepchroma_profile3_S2027,deepchroma_profile_3,signe_jakobsen_what_have_you_done_to_me,2027,18,24,9.0,0.5971105185525457,0.796147358070061,0.36823700422871336,0.09856453550715581,0.26967246872155753,0.7424750577202207,0.300818887048324
signe_jakobsen_what_have_you_done_to_me_deepchroma_profile3_S42,deepchroma_profile_3,signe_jakobsen_what_have_you_done_to_me,42,18,24,9.0,0.5971105185525457,0.796147358070061,0.42967774085470845,0.3153363827133369,0.11434135814137153,0.6779063561680165,0.4010924013193656
the_doppler_shift_atrophy_deepchroma_profile1_S123,deepchroma_profile_1,the_doppler_shift_atrophy,123,17,24,8.5,0.6106654129234115,0.8621158770683456,0.4450360027355255,0.05951487737682182,0.3855211253587037,0.6662681816812751,0.33259234117257025
the_doppler_shift_atrophy_deepchroma_profile1_S2027,deepchroma_profile_1,the_doppler_shift_atrophy,2027,17,24,8.5,0.6106654129234115,0.8621158770683456,0.4781149131710851,0.3220997264252598,0.15601518674582532,0.6683256065356172,0.4326104837035527
the_doppler_shift_atrophy_deepchroma_profile1_S42,deepchroma_profile_1,the_doppler_shift_atrophy,42,17,24,8.5,0.6106654129234115,0.8621158770683456,0.4933018259153935,0.037190378698318746,0.45611144721707475,0.8064380984204211,0.36026932047708
the_doppler_shift_atrophy_deepchroma_profile2_S123,deepchroma_profile_2,the_doppler_shift_atrophy,123,17,24,8.5,0.5972222222222221,0.8431372549019607,0.5036415969807633,0.22029177094758262,0.28334982603318065,0.6760161395717645,0.4209978977210856
the_doppler_shift_atrophy_deepchroma_profile2_S2027,deepchroma_profile_2,the_doppler_shift_atrophy,2027,17,24,8.5,0.5972222222222221,0.8431372549019607,0.47782663571997286,0.5539655986543861,-0.07613896293441325,0.6908480009280209,0.5000338332425102
the_doppler_shift_atrophy_deepchroma_profile2_S42,deepchroma_profile_2,the_doppler_shift_atrophy,42,17,24,8.5,0.5972222222222221,0.8431372549019607,0.49361224293693423,0.12531357534993498,0.36829866758699925,0.756760797124239,0.38619179822405947
the_doppler_shift_atrophy_deepchroma_profile3_S123,deepchroma_profile_3,the_doppler_shift_atrophy,123,17,24,8.5,0.5972222222222222,0.8431372549019607,0.4986977121735132,0.1404617078028559,0.3582360043706573,0.65911514749371,0.3942122108987382
the_doppler_shift_atrophy_deepchroma_profile3_S2027,deepchroma_profile_3,the_doppler_shift_atrophy,2027,17,24,8.5,0.5972222222222222,0.8431372549019607,0.5835873391842641,0.5371459683237563,0.046441370860507813,0.7412272954722762,0.5700419393499493
the_doppler_shift_atrophy_deepchroma_profile3_S42,deepchroma_profile_3,the_doppler_shift_atrophy,42,17,24,8.5,0.5972222222222222,0.8431372549019607,0.5362677760480882,0.06708942581906673,0.46917835022902143,0.7216310083457831,0.3994240905646236
the_long_wait_dark_horses_deepchroma_profile1_S123,deepchroma_profile_1,the_long_wait_dark_horses,123,18,24,9.0,0.42593761162031957,0.5679168154937596,0.4087345288105374,0.03196563509092768,0.3767688937196097,0.4944717869218283,0.31454230538063493
the_long_wait_dark_horses_deepchroma_profile1_S2027,deepchroma_profile_1,the_long_wait_dark_horses,2027,18,24,9.0,0.42593761162031957,0.5679168154937596,0.2781467431909936,0.201031291605288,0.0771154515857056,0.49886895474350407,0.2588678802945672
the_long_wait_dark_horses_deepchroma_profile1_S42,deepchroma_profile_1,the_long_wait_dark_horses,42,18,24,9.0,0.42593761162031957,0.5679168154937596,0.41904848457739746,0.09218831945276194,0.3268601651246355,0.5402103732066775,0.33733344329623866
the_long_wait_dark_horses_deepchroma_profile2_S123,deepchroma_profile_2,the_long_wait_dark_horses,123,18,24,9.0,0.45783544430169226,0.6104472590689232,0.38084197467898484,0.07162787926492321,0.30921409541406164,0.5775469346675269,0.30353845082546943
the_long_wait_dark_horses_deepchroma_profile2_S2027,deepchroma_profile_2,the_long_wait_dark_horses,2027,18,24,9.0,0.45783544430169226,0.6104472590689232,0.25461294786433847,0.05465968899266812,0.19995325887167034,0.44673635058633465,0.2046246331464209
the_long_wait_dark_horses_deepchroma_profile2_S42,deepchroma_profile_2,the_long_wait_dark_horses,42,18,24,9.0,0.45783544430169226,0.6104472590689232,0.3964116014172798,0.01950209360130789,0.37690950781597193,0.46016341646963316,0.30218422446328685
the_long_wait_dark_horses_deepchroma_profile3_S123,deepchroma_profile_3,the_long_wait_dark_horses,123,18,24,9.0,0.44473096676754453,0.5929746223567263,0.4409310385372043,0.04857085251274943,0.3923601860244548,0.6091955486047033,0.3428409920310906
the_long_wait_dark_horses_deepchroma_profile3_S2027,deepchroma_profile_3,the_long_wait_dark_horses,2027,18,24,9.0,0.44473096676754453,0.5929746223567263,0.3544814172466102,0.08489656643973546,0.2695848508068747,0.48840600059847605,0.2870852045448915
the_long_wait_dark_horses_deepchroma_profile3_S42,deepchroma_profile_3,the_long_wait_dark_horses,42,18,24,9.0,0.44473096676754453,0.5929746223567263,0.42532648070254253,0.049690177062236884,0.37563630364030565,0.5616263005969611,0.3314174047924661
tom_mckenzie_directions_deepchroma_profile1_S123,deepchroma_profile_1,tom_mckenzie_directions,123,20,24,10.0,0.5458646364110703,0.6550375636932843,0.5010656237405887,0.06201246750429082,0.4390531562362979,0.5337954782789828,0.4278900977012057
tom_mckenzie_directions_deepchroma_profile1_S2027,deepchroma_profile_1,tom_mckenzie_directions,2027,20,24,10.0,0.5458646364110703,0.6550375636932843,0.3010798116330974,0.012332797547072616,0.28874701408602477,0.4274526025956321,0.2529553092854266
tom_mckenzie_directions_deepchroma_profile1_S42,deepchroma_profile_1,tom_mckenzie_directions,42,20,24,10.0,0.5458646364110703,0.6550375636932843,0.44505258140337023,0.048977631878779626,0.3960749495245906,0.4412717799465552,0.3790400898159385
tom_mckenzie_directions_deepchroma_profile2_S123,deepchroma_profile_2,tom_mckenzie_directions,123,20,24,10.0,0.5169056744852235,0.6202868093822682,0.5238776981499402,0.06471315393407748,0.4591645442158627,0.57432806452879,0.44735027411396305
tom_mckenzie_directions_deepchroma_profile2_S2027,deepchroma_profile_2,tom_mckenzie_directions,2027,20,24,10.0,0.5169056744852235,0.6202868093822682,0.4051507917588535,0.009555146868106879,0.3955956448907466,0.4355765327128983,0.33921818427706246
tom_mckenzie_directions_deepchroma_profile2_S42,deepchroma_profile_2,tom_mckenzie_directions,42,20,24,10.0,0.5169056744852235,0.6202868093822682,0.4826458412599567,0.051056922172769276,0.43158891908718744,0.44391458066067974,0.4107143547454255
tom_mckenzie_directions_deepchroma_profile3_S123,deepchroma_profile_3,tom_mckenzie_directions,123,20,24,10.0,0.5459397448127282,0.6551276937752739,0.4957220342883419,0.11024624273446734,0.38547579155387457,0.5004803611966635,0.4314760690293628
tom_mckenzie_directions_deepchroma_profile3_S2027,deepchroma_profile_3,tom_mckenzie_directions,2027,20,24,10.0,0.5459397448127282,0.6551276937752739,0.3443027583054733,0.00907717699272495,0.3352255813127484,0.43145648063107134,0.28843182808668194
tom_mckenzie_directions_deepchroma_profile3_S42,deepchroma_profile_3,tom_mckenzie_directions,42,20,24,10.0,0.5459397448127282,0.6551276937752739,0.4523715740793527,0.057091714567820806,0.3952798595115319,0.45526963778088125,0.3864915974940975
we_fell_from_the_sky_not_you_deepchroma_profile1_S123,deepchroma_profile_1,we_fell_from_the_sky_not_you,123,20,24,10.0,0.4614662202699047,0.5537594643238856,0.5662413245090073,0.49556098837474716,0.07068033613426017,0.4992479308576964,0.5544612684866307
we_fell_from_the_sky_not_you_deepchroma_profile1_S2027,deepchroma_profile_1,we_fell_from_the_sky_not_you,2027,20,24,10.0,0.4614662202699047,0.5537594643238856,0.592312684140793,0.31022235698759987,0.2820903271531931,0.4803460233022901,0.5452976296152608
we_fell_from_the_sky_not_you_deepchroma_profile1_S42,deepchroma_profile_1,we_fell_from_the_sky_not_you,42,20,24,10.0,0.4614662202699047,0.5537594643238856,0.42946246761464135,0.3329628528352829,0.09649961477935848,0.4826693975078233,0.4133791984847483
we_fell_from_the_sky_not_you_deepchroma_profile2_S123,deepchroma_profile_2,we_fell_from_the_sky_not_you,123,20,24,10.0,0.5235759770376786,0.6282911724452143,0.5998789130188463,0.5207501072068639,0.07912880581198245,0.6788453720664273,0.5866907787168493
we_fell_from_the_sky_not_you_deepchroma_profile2_S2027,deepchroma_profile_2,we_fell_from_the_sky_not_you,2027,20,24,10.0,0.5235759770376786,0.6282911724452143,0.5742461003751533,0.18813800878798637,0.38610809158716697,0.5601535574196244,0.5098947517772922
we_fell_from_the_sky_not_you_deepchroma_profile2_S42,deepchroma_profile_2,we_fell_from_the_sky_not_you,42,20,24,10.0,0.5235759770376786,0.6282911724452143,0.4174652414241512,0.3916933089494705,0.02577193247468068,0.5117452966483591,0.4131699193450378
we_fell_from_the_sky_not_you_deepchroma_profile3_S123,deepchroma_profile_3,we_fell_from_the_sky_not_you,123,20,24,10.0,0.5235759770376786,0.6282911724452143,0.569187442190168,0.32451745643174523,0.2446699857584228,0.535057195628881,0.5284091112304309
we_fell_from_the_sky_not_you_deepchroma_profile3_S2027,deepchroma_profile_3,we_fell_from_the_sky_not_you,2027,20,24,10.0,0.5235759770376786,0.6282911724452143,0.5464311557032837,0.5676489140333325,-0.021217758330048797,0.4681919322493252,0.5499674487582918
we_fell_from_the_sky_not_you_deepchroma_profile3_S42,deepchroma_profile_3,we_fell_from_the_sky_not_you,42,20,24,10.0,0.5235759770376786,0.6282911724452143,0.36543867289168447,0.3587627654788409,0.006675907412843574,0.46198231531756007,0.3643260216562106
