track_key,track_id,rank,seed,error_type,effective_changed_seconds,changed_blocks,mean_changed_template_distance,full_window_input_error_mass,changed_block_target_effect,inside_output_change,outside_output_change,localization_contrast,changed_block_output_change,full_window_output_error_mass,mass_transfer_ratio,changed_block_transfer_ratio
am_contra_heart_peripheral,AM Contra - Heart Peripheral,2,123,parallel_quality,4.0,9,0.2915399554561478,0.10932748329605531,0.07366119063487499,0.013071265078350245,0.003918290311904199,0.009152974766446047,0.011904611050631045,0.006587907952117629,0.06025847987626118,0.04083354897960697
am_contra_heart_peripheral,AM Contra - Heart Peripheral,2,2027,parallel_quality,4.0,9,0.2915399554561478,0.10932748329605531,0.08278542268673662,0.01024185804439832,0.0053003328202982794,0.00494152522410004,0.009254727523624884,0.006741611010660791,0.06166437575814971,0.03174428530437551
am_contra_heart_peripheral,AM Contra - Heart Peripheral,2,42,parallel_quality,4.0,9,0.2915399554561478,0.10932748329605531,0.054114460316874474,0.14337370178740552,0.007591398443247332,0.1357823033441582,0.11318574322795866,0.04719457025196014,0.4316807524431781,0.3882340691548318
am_contra_heart_peripheral,AM Contra - Heart Peripheral,2,123,relative_substitution,4.0,9,0.2915399554561478,0.10932748329605531,0.2744075037036262,0.5443038518824823,0.012704800803085696,0.5315990510793966,0.43902164823292866,0.16775452403457636,1.5344222603231659,1.505871288023039
am_contra_heart_peripheral,AM Contra - Heart Peripheral,2,2027,relative_substitution,4.0,9,0.2915399554561478,0.10932748329605531,0.22424598686343092,0.3019493069416917,0.032263803524473306,0.2696855034172184,0.23789827845306386,0.11092207535449533,1.014585463877568,0.8160057446700388
am_contra_heart_peripheral,AM Contra - Heart Peripheral,2,42,relative_substitution,4.0,9,0.2915399554561478,0.10932748329605531,0.2969860755029903,0.3633462228753072,0.06108823786898685,0.30225798500632034,0.29678963651644297,0.14924681682916363,1.3651353925801808,1.0180067293077597
bks_bulldozer,BKS - Bulldozer,15,123,parallel_quality,4.0,9,0.290756974116353,0.10903386529363228,0.10262570070686389,0.040542766804601005,0.046255784211637486,-0.005713017407036482,0.0406449130258281,0.044589487467918514,0.40895080943739226,0.1397899849155918
bks_bulldozer,BKS - Bulldozer,15,2027,parallel_quality,4.0,9,0.290756974116353,0.10903386529363228,0.1151213700466352,0.1132018752696998,0.008963357301521953,0.10423851796817785,0.09543706447547935,0.03936625837557382,0.36104616001238715,0.3282365445077443
bks_bulldozer,BKS - Bulldozer,15,42,parallel_quality,4.0,9,0.290756974116353,0.10903386529363228,0.05284137295756573,0.02367556317814815,0.039853816889875174,-0.016178253711727025,0.027409184407391114,0.035135159557288125,0.32224079612942114,0.09426836446723616
bks_bulldozer,BKS - Bulldozer,15,123,relative_substitution,4.0,9,0.290756974116353,0.10903386529363228,0.40837874097861043,0.5768044435713591,0.029092784649681222,0.5477116589216778,0.47456654336155146,0.18884201850183724,1.7319574793875152,1.6321759600223482
bks_bulldozer,BKS - Bulldozer,15,2027,relative_substitution,4.0,9,0.290756974116353,0.10903386529363228,0.3658734322581426,0.4619443014511293,0.012540572148549808,0.4494037293025795,0.36806063041357845,0.14361665986180217,1.3171748013797102,1.2658703425159827
bks_bulldozer,BKS - Bulldozer,15,42,relative_substitution,4.0,9,0.290756974116353,0.10903386529363228,0.471439708536037,0.508760731183626,0.04789327286435192,0.46086745831927406,0.41570268032086166,0.18231294820747354,1.6720763564283256,1.4297255692120006
bks_too_much,BKS - Too Much,23,123,parallel_quality,4.0,9,0.28053017261931606,0.1051988147322434,0.017665136590157376,0.002176140262646612,0.007767810564895557,-0.0055916703022489455,0.010224316031595286,0.006136906726739615,0.05833627253652559,0.036446404093116384
bks_too_much,BKS - Too Much,23,2027,parallel_quality,4.0,9,0.28053017261931606,0.1051988147322434,0.044234390733923205,0.3889485229167508,0.006067728318843489,0.3828807945979073,0.31157269526181586,0.1177412934098998,1.1192264257879716,1.1106566268884916
bks_too_much,BKS - Too Much,23,42,parallel_quality,4.0,9,0.28053017261931606,0.1051988147322434,0.02901336130553452,0.00894224692922412,0.0013738871072570024,0.007568359821967118,0.007478045478628268,0.0035813253886640786,0.03404340056282405,0.026656831273461967
bks_too_much,BKS - Too Much,23,123,relative_substitution,4.0,9,0.28053017261931606,0.1051988147322434,0.4444491589121229,0.6598721008921089,0.03852346227996519,0.6213486386121437,0.5665466842591788,0.2197501485418404,2.0889032742541636,2.0195570371961082
bks_too_much,BKS - Too Much,23,2027,relative_substitution,4.0,9,0.28053017261931606,0.1051988147322434,0.40625836754544165,0.6321407317315464,0.038580218484463226,0.5935605132470831,0.5335243763682712,0.21170203484819586,2.0123994304216173,1.901843111515396
bks_too_much,BKS - Too Much,23,42,relative_substitution,4.0,9,0.28053017261931606,0.1051988147322434,0.3315929417995274,0.3695244165508947,0.04347333972714993,0.32605107682374473,0.3208239999035097,0.1385715704674088,1.317235092620646,1.1436345577659948
buitraker_revo_x,Buitraker - Revo X,19,123,parallel_quality,4.0,9,0.2942264928434212,0.11033493481628281,0.09303429592403074,0.05449586556029646,0.004094937600434288,0.050400927959862174,0.04366829247190905,0.01879520825539409,0.17034684695912253,0.14841726878465716
buitraker_revo_x,Buitraker - Revo X,19,2027,parallel_quality,4.0,9,0.2942264928434212,0.11033493481628281,0.038919018899618796,0.026559183789674257,0.006536575266807398,0.020022608522866858,0.028335758127563407,0.012376502752643565,0.11217211278777216,0.09630593714972797
buitraker_revo_x,Buitraker - Revo X,19,42,parallel_quality,4.0,9,0.2942264928434212,0.11033493481628281,0.021886054827381804,0.004149028389516981,0.0009554625230512902,0.0031935658664656906,0.0033952065301012307,0.0018869192341037834,0.017101738785142408,0.011539431739439119
buitraker_revo_x,Buitraker - Revo X,19,123,relative_substitution,4.0,9,0.2942264928434212,0.11033493481628281,0.36273904269612456,0.4899723566609279,0.050030904384685,0.43994145227624293,0.43033154750597996,0.17834716129858919,1.616416066185679,1.4625859940321213
buitraker_revo_x,Buitraker - Revo X,19,2027,relative_substitution,4.0,9,0.2942264928434212,0.11033493481628281,0.16294316301177816,0.17491537877418786,0.016817167656553795,0.15809821111763406,0.15324026251376446,0.06292914589919706,0.57034651811758,0.5208241482024343
buitraker_revo_x,Buitraker - Revo X,19,42,relative_substitution,4.0,9,0.2942264928434212,0.11033493481628281,0.28462197814238205,0.23647799765888936,0.02739265420130743,0.20908534345758192,0.22252475635191463,0.08837587937643548,0.8009782171312191,0.7563042817844954
detsky_sad_walkie_talkie,Detsky Sad - Walkie Talkie,5,123,parallel_quality,4.0,9,0.2915399554561484,0.10932748329605552,0.024948072475315695,0.09713054710228021,0.018912510025605678,0.07821803707667453,0.09752322949510706,0.04172610417296909,0.38166161805788634,0.334510682566719
detsky_sad_walkie_talkie,Detsky Sad - Walkie Talkie,5,2027,parallel_quality,4.0,9,0.2915399554561484,0.10932748329605552,0.08811825277498204,0.33976912241053964,0.02471467707894036,0.31505444533159926,0.2988330370696681,0.11660555696732348,1.066571308986956,1.0250157190362081
detsky_sad_walkie_talkie,Detsky Sad - Walkie Talkie,5,42,parallel_quality,4.0,9,0.2915399554561484,0.10932748329605552,0.06683307430825024,0.10778219440086992,0.10027778828152034,0.007504406119349577,0.13724567211771926,0.10246657339966397,0.9372444175101662,0.4707611068369079
detsky_sad_walkie_talkie,Detsky Sad - Walkie Talkie,5,123,relative_substitution,4.0,9,0.2915399554561484,0.10932748329605553,0.4926967233558563,0.6311662882953544,0.0531069371662022,0.5780593511291522,0.5794597423839548,0.22170758124553824,2.0279217499698663,1.9875825990208518
detsky_sad_walkie_talkie,Detsky Sad - Walkie Talkie,5,2027,relative_substitution,4.0,9,0.2915399554561484,0.10932748329605553,0.529612388486719,0.4332453647241344,0.058495628425893696,0.3747497362982407,0.4165612708909825,0.16779763484621388,1.534816587626214,1.428830810649002
detsky_sad_walkie_talkie,Detsky Sad - Walkie Talkie,5,42,relative_substitution,4.0,9,0.2915399554561484,0.10932748329605553,0.4567609025988852,0.4576664420443544,0.09587730902139255,0.3617891330229619,0.4204834359195042,0.2013991394864231,1.8421638678084293,1.4422840782204573
forkupines_semantics,Forkupines - Semantics,4,123,parallel_quality,4.0,9,0.2803978045286818,0.10514917669825553,0.087648226231748,0.012100330730962379,0.008172389746498698,0.00392794098446368,0.017652392945484804,0.009318039200300604,0.08861732914029744,0.06295481869109694
forkupines_semantics,Forkupines - Semantics,4,2027,parallel_quality,4.0,9,0.2803978045286818,0.10514917669825553,0.02642394023407662,0.009170924363421136,0.002778540753279043,0.006392383610142093,0.008707550186272808,0.00464298597290382,0.04415617999775407,0.03105427376975812
forkupines_semantics,Forkupines - Semantics,4,42,parallel_quality,4.0,9,0.2803978045286818,0.10514917669825553,0.07529393157527066,0.03292071997621003,0.006417803932489363,0.026502916043720667,0.028273524240750296,0.01414782111190789,0.13454999417168625,0.10083361490035564
forkupines_semantics,Forkupines - Semantics,4,123,relative_substitution,4.0,9,0.2803978045286818,0.10514917669825553,0.4094248284550904,0.5041928136817948,0.05036806164168303,0.45382475204011175,0.44636064292771027,0.18273361432004898,1.737851118363351,1.591883515914092
forkupines_semantics,Forkupines - Semantics,4,2027,relative_substitution,4.0,9,0.2803978045286818,0.10514917669825553,0.3310719517912545,0.5264593945004779,0.022966855097944952,0.5034925394025329,0.438722059709139,0.16981884575701703,1.6150278213242006,1.5646415650314491
forkupines_semantics,Forkupines - Semantics,4,42,relative_substitution,4.0,9,0.2803978045286818,0.10514917669825553,0.25463969045314916,0.38573222853695827,0.023464936310402185,0.36226729222655607,0.31308775752306905,0.12912622987648106,1.2280289197796763,1.1165841974024566
georgia_wonder_siren,Georgia Wonder - Siren,13,123,parallel_quality,4.0,9,0.2666539491617281,0.0999952309356479,0.031455980176849314,0.03832957714824877,0.03207896179828552,0.006250615349963254,0.030776561500560223,0.0339020579420248,0.3390367483009517,0.11541760996719368
georgia_wonder_siren,Georgia Wonder - Siren,13,2027,parallel_quality,4.0,9,0.2666539491617281,0.0999952309356479,0.011888709322906347,0.0020614693072675194,0.0023507582025950437,-0.0002892888953275243,0.0029478802392143657,0.0022663822747911824,0.02266490365175232,0.011055078120843616
georgia_wonder_siren,Georgia Wonder - Siren,13,42,parallel_quality,4.0,9,0.2666539491617281,0.0999952309356479,0.017915008879589397,0.004722910301686463,0.0047510373729687215,-2.8127071282258928e-05,0.0052304798022086,0.004742833643844729,0.04743059843420921,0.019615234721448903
georgia_wonder_siren,Georgia Wonder - Siren,13,123,relative_substitution,4.0,9,0.24162151875069723,0.09060806953151133,0.30572505810427725,0.2325885436315886,0.0769094008219094,0.1556791428096792,0.22080216578666903,0.12231581747473248,1.3499439741643977,0.9138348559694742
georgia_wonder_siren,Georgia Wonder - Siren,13,2027,relative_substitution,4.0,9,0.24162151875069723,0.09060806953151133,0.47935131403470993,0.4075530954628132,0.08759161442702229,0.3199614810357909,0.38888662780588795,0.1809137130624613,1.9966622619582883,1.6094867287343617
georgia_wonder_siren,Georgia Wonder - Siren,13,42,relative_substitution,4.0,9,0.24162151875069723,0.09060806953151133,0.43979467173702835,0.39247626190068513,0.02582359013064753,0.3666526717700376,0.32005431351040836,0.1327639527302418,1.4652552848404927,1.324610138886832
girls_under_glass_we_feel_alright,Girls Under Glass - We Feel Alright,10,123,parallel_quality,4.0,9,0.2743911332776013,0.10289667497910036,0.10871514910422164,0.2779962617036425,0.033212659184570836,0.24478360251907166,0.23151503964413067,0.10460787658596675,1.0166302906018485,0.8437409652370476
girls_under_glass_we_feel_alright,Girls Under Glass - We Feel Alright,10,2027,parallel_quality,4.0,9,0.2743911332776013,0.10289667497910036,0.139337986924221,0.11554507680416233,0.022801189434770792,0.09274388736939154,0.09098054951402973,0.049851489917509983,0.4844810576010883,0.33157248351018975
girls_under_glass_we_feel_alright,Girls Under Glass - We Feel Alright,10,42,parallel_quality,4.0,9,0.2743911332776013,0.10289667497910036,0.1667839930900391,0.13601521257556864,0.027876002687809313,0.10813920988775932,0.12120827175832824,0.05941660557173912,0.577439509914265,0.441735380843017
girls_under_glass_we_feel_alright,Girls Under Glass - We Feel Alright,10,123,relative_substitution,4.0,9,0.27439113327760123,0.10289667497910034,0.16340144157632194,0.5004594033900498,0.05294513319073523,0.44751427019931456,0.42025412353153546,0.18347012866553533,1.783052063662898,1.5315878414568331
girls_under_glass_we_feel_alright,Girls Under Glass - We Feel Alright,10,2027,relative_substitution,4.0,9,0.27439113327760123,0.10289667497910034,0.3577407306535983,0.4973070176183926,0.061348821274930077,0.4359581963434625,0.39780721975308586,0.18850329520843997,1.8319668273705392,1.4497816128432426
girls_under_glass_we_feel_alright,Girls Under Glass - We Feel Alright,10,42,relative_substitution,4.0,9,0.27439113327760123,0.10289667497910034,0.14958017350699204,0.2472367521785767,0.01596060601064222,0.2312761461679345,0.19321265995055992,0.08341614864295645,0.8106787576945451,0.7041505228052937
hollow_ground_ill_fate,Hollow Ground - Ill Fate,8,123,parallel_quality,4.0,9,0.2769826382735567,0.1038684893525836,0.2036300904763001,0.666756100349774,0.015243208589597667,0.6515128917601762,0.5344570143532403,0.2052678020196491,1.9762278560041782,1.9295686461957733
hollow_ground_ill_fate,Hollow Ground - Ill Fate,8,2027,parallel_quality,4.0,9,0.2769826382735567,0.1038684893525836,0.24385705025576124,0.2604258001775084,0.08816541595046049,0.1722603842270479,0.22265453051004946,0.1384080280166828,1.3325314431680437,0.8038573532906742
hollow_ground_ill_fate,Hollow Ground - Ill Fate,8,42,parallel_quality,4.0,9,0.2769826382735567,0.1038684893525836,0.058916425483493615,0.3676480280526073,0.033258271006413265,0.33438975704619406,0.30249192239455497,0.1307886168115532,1.259175112941026,1.0920970508476582
hollow_ground_ill_fate,Hollow Ground - Ill Fate,8,123,relative_substitution,4.0,9,0.2769826382735567,0.1038684893525836,0.42823780754167634,0.7806380213245322,0.025739671122077794,0.7548983502024544,0.6213767197487354,0.24591835659779368,2.367593464876716,2.243377865204116
hollow_ground_ill_fate,Hollow Ground - Ill Fate,8,2027,relative_substitution,4.0,9,0.2769826382735567,0.1038684893525836,0.17936965844066927,0.31150885675891693,0.10888971824007347,0.20261913851884344,0.27107685068866627,0.16798696697473614,1.6173044204436355,0.9786781307965676
hollow_ground_ill_fate,Hollow Ground - Ill Fate,8,42,relative_substitution,4.0,9,0.2769826382735567,0.1038684893525836,0.34838059749014216,0.5158064775229408,0.03029440939344533,0.4855120681294955,0.4235424210697819,0.17190209593121486,1.6549975551073037,1.5291298534440205
juliet_s_rescue_heartbeats,Juliet's Rescue - Heartbeats,9,123,parallel_quality,4.0,9,0.2666981711508959,0.10001181418158582,0.015744423191843843,0.0020490630736058136,0.06770382334232528,-0.06565476026871946,0.0019826493148578216,0.048554518263948764,0.48548782622612024,0.00743405665776408
juliet_s_rescue_heartbeats,Juliet's Rescue - Heartbeats,9,2027,parallel_quality,4.0,9,0.2666981711508959,0.10001181418158582,0.0066217919968060025,0.005760882869490709,0.023389407040982756,-0.01762852417149205,0.0053475766815545,0.01824775415763091,0.1824559858948213,0.020051043689118062
juliet_s_rescue_heartbeats,Juliet's Rescue - Heartbeats,9,42,parallel_quality,4.0,9,0.2666981711508959,0.10001181418158582,0.005378471853200568,0.0072998917815750375,0.02129092683303362,-0.013991035051458583,0.0236618785617932,0.0172102082763582,0.17208175271284046,0.08872156288017993
juliet_s_rescue_heartbeats,Juliet's Rescue - Heartbeats,9,123,relative_substitution,4.0,9,0.2416877761691666,0.09063291606343733,0.20863919734772787,0.42081358985723505,0.04419670665074049,0.37661688320649456,0.38844711250543973,0.1540432975859681,1.699639648338662,1.6072269713531173
juliet_s_rescue_heartbeats,Juliet's Rescue - Heartbeats,9,2027,relative_substitution,4.0,9,0.2416877761691666,0.09063291606343733,0.359914744990115,0.6552834852258399,0.03317379061139706,0.6221096946144429,0.5244162961879811,0.21462245154060955,2.3680408935577817,2.1698089349000504
juliet_s_rescue_heartbeats,Juliet's Rescue - Heartbeats,9,42,relative_substitution,4.0,9,0.2416877761691666,0.09063291606343733,0.28451326608405164,0.3581967146242214,0.05275214894683919,0.3054445656773822,0.3310356376051005,0.14184014726940902,1.5649959576510797,1.3696829970142799
little_chicago_s_finest_my_own,Little Chicago's Finest - My Own,3,123,parallel_quality,4.0,9,0.2790017529329629,0.10462565734986097,0.03488716705593298,0.07258444601731208,0.055579622861216885,0.017004823156095195,0.073298928279359,0.060539362948411314,0.5786282684559091,0.26271852240645555
little_chicago_s_finest_my_own,Little Chicago's Finest - My Own,3,2027,parallel_quality,4.0,9,0.2790017529329629,0.10462565734986097,0.05328933866654355,0.012098296181654191,0.009056873720570976,0.0030414224610832152,0.016333660551018085,0.009943955271720248,0.09504318083726201,0.058543218382368555
little_chicago_s_finest_my_own,Little Chicago's Finest - My Own,3,42,parallel_quality,4.0,9,0.2790017529329629,0.10462565734986097,0.09380025830307387,0.22204205461848228,0.020449706067952406,0.20159234855052988,0.1972567889487958,0.07924747439519028,0.7574382460527077,0.7070091383841292
little_chicago_s_finest_my_own,Little Chicago's Finest - My Own,3,123,relative_substitution,4.0,9,0.27899248110498825,0.10462218041437049,0.10051202203987632,0.265123021285922,0.048042592408485955,0.21708042887743606,0.26300004033781144,0.11135771749773814,1.0643796282651596,0.9426778789742414
little_chicago_s_finest_my_own,Little Chicago's Finest - My Own,3,2027,relative_substitution,4.0,9,0.27899248110498825,0.10462218041437049,0.2566805489349565,0.5426119242028112,0.03261181366487081,0.5100001105379405,0.46917042817422977,0.18136184590510343,1.733493272524,1.6816597576967505
little_chicago_s_finest_my_own,Little Chicago's Finest - My Own,3,42,relative_substitution,4.0,9,0.27899248110498825,0.10462218041437049,0.24287572745837366,0.3741233272892757,0.01931483296111273,0.35480849432816297,0.312930445591583,0.12280064380682698,1.1737534366083577,1.1216447280305861
louis_cressy_band_good_time,Louis Cressy Band - Good Time,14,123,parallel_quality,4.0,9,0.2716966619350867,0.1018862482256574,0.1611782690238969,0.250950839893895,0.011598377031013981,0.239352462862881,0.19699647114708663,0.08140951203268762,0.7990235527407197,0.7250603292069621
louis_cressy_band_good_time,Louis Cressy Band - Good Time,14,2027,parallel_quality,4.0,9,0.2716966619350867,0.1018862482256574,0.06760838192515099,0.38515371328656656,0.00931704102826045,0.3758366722583061,0.310979786261689,0.11893607043693306,1.1673417414832448,1.1445844937763268
louis_cressy_band_good_time,Louis Cressy Band - Good Time,14,42,parallel_quality,4.0,9,0.2716966619350867,0.1018862482256574,0.22513092409413993,0.29565287650321287,0.03508672365298798,0.2605661528502249,0.26585097571750543,0.11108518490097025,1.0902863422249003,0.9784845121911071
louis_cressy_band_good_time,Louis Cressy Band - Good Time,14,123,relative_substitution,4.0,9,0.2716966619350867,0.10188624822565738,0.38412281938422616,0.6025736979782383,0.008735751575410577,0.5938379464028277,0.4729757218322457,0.181938485942902,1.7857020855252725,1.7408227192178323
louis_cressy_band_good_time,Louis Cressy Band - Good Time,14,2027,relative_substitution,4.0,9,0.2716966619350867,0.10188624822565738,0.4731283727997726,0.6451835509479213,0.0631529448141317,0.5820306061337897,0.6005968495401213,0.23291187160315366,2.285999098595731,2.210541878809004
louis_cressy_band_good_time,Louis Cressy Band - Good Time,14,42,relative_substitution,4.0,9,0.2716966619350867,0.10188624822565738,0.4313369154640762,0.5804525659073307,0.04565443552804824,0.5347981303792825,0.4919560057048709,0.20163722355533897,1.9790425800030775,1.810681081618913
lyndsey_ollard_catching_up,Lyndsey Ollard - Catching Up,18,123,parallel_quality,4.0,9,0.2695389106243965,0.10107709148414856,0.1593292747715235,0.12916018505417035,0.04467315241333242,0.08448703264083793,0.10695926522398336,0.06931520360024347,0.6857657119181535,0.39682309680709327
lyndsey_ollard_catching_up,Lyndsey Ollard - Catching Up,18,2027,parallel_quality,4.0,9,0.2695389106243965,0.10107709148414856,0.05786142651094725,0.005612382334479852,0.0039502348621556545,0.0016621474723241972,0.005410658352249655,0.004435027874916879,0.04387767603713056,0.020073756103397733
lyndsey_ollard_catching_up,Lyndsey Ollard - Catching Up,18,42,parallel_quality,4.0,9,0.2695389106243965,0.10107709148414856,0.012993714709744123,0.0017084906030834393,0.0017347652027862135,-2.627459970277416e-05,0.0022180346403604606,0.0017271017778729043,0.01708697542156481,0.008228996085286181
lyndsey_ollard_catching_up,Lyndsey Ollard - Catching Up,18,123,relative_substitution,4.0,9,0.2695389106243965,0.10107709148414856,0.308990376673196,0.29923365794662565,0.06652467770156197,0.2327089802450637,0.2686225126578118,0.13439813027303885,1.3296596518521298,0.9966001273639422
lyndsey_ollard_catching_up,Lyndsey Ollard - Catching Up,18,2027,relative_substitution,4.0,9,0.2695389106243965,0.10107709148414856,0.3754907686309182,0.3994068812052968,0.07274128217666578,0.326665599028631,0.37794019536414425,0.1680187485600165,1.6622831750789553,1.4021730461425117
lyndsey_ollard_catching_up,Lyndsey Ollard - Catching Up,18,42,relative_substitution,4.0,9,0.2695389106243965,0.10107709148414856,0.39595795595895766,0.429259434542156,0.06889777643406159,0.3603616581080944,0.3650684816039952,0.17400326004892241,1.7214905721363234,1.3544184799081551
motor_tapes_shore,Motor Tapes - Shore,7,123,parallel_quality,4.0,8,0.33333333333333315,0.11111111111111092,0.0605891708632931,0.03702458856952935,0.004021439823530988,0.03300314874599836,0.03702458856952935,0.015022489405530443,0.1352024046497742,0.11107376570858811
motor_tapes_shore,Motor Tapes - Shore,7,2027,parallel_quality,4.0,8,0.33333333333333315,0.11111111111111092,0.1928471651997411,0.1773290526108977,0.004206810294189234,0.17312224231670847,0.1773290526108977,0.06191422439975872,0.5572280195978294,0.5319871578326935
motor_tapes_shore,Motor Tapes - Shore,7,42,parallel_quality,4.0,8,0.33333333333333315,0.11111111111111092,0.03208484852966498,0.0026856065310472133,0.0018874593820887853,0.000798147148958428,0.0026856065310472133,0.0021535084317415945,0.019381575885674383,0.008056819593141645
motor_tapes_shore,Motor Tapes - Shore,7,123,relative_substitution,4.0,8,0.33333333333333315,0.11111111111111092,0.3258076325565159,0.35361281841166714,0.01183619020135309,0.34177662821031407,0.35361281841166714,0.12576173293812445,1.131855596443122,1.060838455235002
motor_tapes_shore,Motor Tapes - Shore,7,2027,relative_substitution,4.0,8,0.33333333333333315,0.11111111111111092,0.5321291838194614,0.48453337294527393,0.003937989552218468,0.48059538339305546,0.48453337294527393,0.16413645068323693,1.4772280561491349,1.4536001188358225
motor_tapes_shore,Motor Tapes - Shore,7,42,relative_substitution,4.0,8,0.33333333333333315,0.11111111111111092,0.5019949587736772,0.42009012691768444,0.0028419086765923,0.41724821824109215,0.42009012691768444,0.14192464809028968,1.2773218328126092,1.260270380753054
pr_oh_no,PR - Oh No,24,123,parallel_quality,4.0,10,0.33552058258749096,0.13980024274478772,0.22053076834967214,0.3055735093772941,0.028525387793532753,0.27704812158376135,0.25302404997448885,0.10933108992212982,0.7820522180474261,0.7541237798980926
pr_oh_no,PR - Oh No,24,2027,parallel_quality,4.0,10,0.33552058258749096,0.13980024274478772,0.014902830643517629,0.04906962819388198,0.08072409104383092,-0.031654462849948946,0.0487888777618691,0.07149153937926249,0.5113835139025749,0.14541247331420218
pr_oh_no,PR - Oh No,24,42,parallel_quality,4.0,10,0.33552058258749096,0.13980024274478772,0.09033342838483305,0.08574194153867332,0.04007494320318261,0.045666998335490705,0.0672047828534611,0.0533944843843674,0.38193413213052624,0.2003000302848385
pr_oh_no,PR - Oh No,24,123,relative_substitution,4.0,10,0.35127227352902385,0.1463634473037598,0.19724260243574204,0.25055188828907005,0.1802251497645794,0.07032673852449065,0.2446314397237391,0.20073711516755585,1.3714975894968504,0.6964154536481697
pr_oh_no,PR - Oh No,24,2027,relative_substitution,4.0,10,0.35127227352902385,0.1463634473037598,0.3652198778357387,0.37469457443702303,0.07245047018654481,0.3022441042504782,0.2996190371443894,0.16060500059293428,1.0973026636877297,0.8529538472658117
pr_oh_no,PR - Oh No,24,42,relative_substitution,4.0,10,0.35127227352902385,0.1463634473037598,0.4779049672184139,0.6438104910648849,0.0645529209229797,0.5792575701419052,0.47105062568457345,0.233503045547702,1.5953644837504708,1.340984362221953
sambasevam_shanmugam_kaathaadi,Sambasevam Shanmugam - Kaathaadi,25,123,parallel_quality,4.0,9,0.27187140087474,0.10195177532802739,0.05599285868325229,0.052986658691111396,0.019368351538446914,0.03361830715266448,0.05797626842404312,0.02917369112464072,0.28615186965381495,0.21324886780112143
sambasevam_shanmugam_kaathaadi,Sambasevam Shanmugam - Kaathaadi,25,2027,parallel_quality,4.0,9,0.27187140087474,0.10195177532802739,0.011466353974578613,0.013759928943765178,0.005577638195537621,0.008182290748227558,0.018174377851780086,0.007964139663770659,0.07811673350607412,0.06684917131152612
sambasevam_shanmugam_kaathaadi,Sambasevam Shanmugam - Kaathaadi,25,42,parallel_quality,4.0,9,0.27187140087474,0.10195177532802739,0.04015342699351253,0.004795083278180202,0.0015809080482939752,0.003214175229886227,0.004674905109883159,0.002518375823677458,0.024701637765253665,0.01719528091164337
sambasevam_shanmugam_kaathaadi,Sambasevam Shanmugam - Kaathaadi,25,123,relative_substitution,4.0,9,0.27187140087474,0.10195177532802739,0.37158902695685575,0.3846030569895091,0.06451201525053234,0.32009104173897673,0.35622333810390394,0.15787190242440055,1.5484958640146431,1.3102641063302853
sambasevam_shanmugam_kaathaadi,Sambasevam Shanmugam - Kaathaadi,25,2027,relative_substitution,4.0,9,0.27187140087474,0.10195177532802739,0.2834638153790286,0.2996070559052063,0.03963886347185244,0.2599681924333539,0.28644716106732715,0.11546291959824732,1.1325248552734677,1.053612701246582
sambasevam_shanmugam_kaathaadi,Sambasevam Shanmugam - Kaathaadi,25,42,relative_substitution,4.0,9,0.27187140087474,0.10195177532802739,0.2859467947830694,0.3113436830366116,0.06447883637052039,0.2468648466660912,0.3151041371543234,0.136481083314797,1.3386827534456598,1.1590190661484918
secretariat_over_the_top,Secretariat - Over The Top,12,123,parallel_quality,4.0,9,0.28277235686893526,0.10603963382585058,0.06632653278824313,0.014085370154227015,0.0034694216249466126,0.010615948529280403,0.014590376500433945,0.00656573994598673,0.06191779157564499,0.05159760544485107
secretariat_over_the_top,Secretariat - Over The Top,12,2027,parallel_quality,4.0,9,0.28277235686893526,0.10603963382585058,0.2310279625577271,0.09642908872264995,0.016734516623193526,0.07969457209945642,0.086539967997612,0.03997876681886831,0.3770172092872901,0.30604111715814997
secretariat_over_the_top,Secretariat - Over The Top,12,42,parallel_quality,4.0,9,0.28277235686893526,0.10603963382585058,0.0304511613067586,0.01455605232632232,0.008781356056051655,0.0057746962702706645,0.011669670472286028,0.010465642468213932,0.09869557344380979,0.04126878101346699
secretariat_over_the_top,Secretariat - Over The Top,12,123,relative_substitution,4.0,9,0.28277235686893526,0.10603963382585058,0.4217209929449444,0.4313900899520678,0.02523655539264574,0.40615353455942205,0.37736153875602696,0.14369800297247717,1.3551348471126665,1.3345064663832529
secretariat_over_the_top,Secretariat - Over The Top,12,2027,relative_substitution,4.0,9,0.28277235686893526,0.10603963382585058,0.4097031980185053,0.46270833349527685,0.03749220732089553,0.4252161261743813,0.4079399043359066,0.1615135774550901,1.5231434853909875,1.442644213362717
secretariat_over_the_top,Secretariat - Over The Top,12,42,relative_substitution,4.0,9,0.28277235686893526,0.10603963382585058,0.3234873530081778,0.38706930678046725,0.030015669466125328,0.3570536373143419,0.3253609593802969,0.13415631368280842,1.2651525551581402,1.1506109118406558
tom_mckenzie_directions,Tom McKenzie - Directions,20,123,parallel_quality,4.0,9,0.27633583230941816,0.1036259371160317,0.23684039896035378,0.33949258996734955,0.026559164332188544,0.312933425635161,0.2951445751095005,0.11783141347577718,1.1370841775243912,1.068064798701248
tom_mckenzie_directions,Tom McKenzie - Directions,20,2027,parallel_quality,4.0,9,0.27633583230941816,0.1036259371160317,0.018449491794858466,0.012887691274523843,0.011544393373414312,0.001343297901109531,0.010379129420573409,0.011936188594571259,0.1151853380221412,0.03755983917768475
tom_mckenzie_directions,Tom McKenzie - Directions,20,42,parallel_quality,4.0,9,0.27633583230941816,0.1036259371160317,0.1081345322442783,0.20671270787611423,0.0076761247712091255,0.1990365831049051,0.16342245373379713,0.06572846151013978,0.6342858104775692,0.5913907449787768
tom_mckenzie_directions,Tom McKenzie - Directions,20,123,relative_substitution,4.0,9,0.2572926115490581,0.09648472933089665,0.38701816425435315,0.4788094890370945,0.08692044508296691,0.3918890439541276,0.4856173115567974,0.20122141623625414,2.0855260478179978,1.8874125791373708
tom_mckenzie_directions,Tom McKenzie - Directions,20,2027,relative_substitution,4.0,9,0.2572926115490581,0.09648472933089665,0.4099652403810484,0.36789489856836244,0.052979151290540684,0.31491574727782173,0.3493868731727071,0.14482957757990536,1.5010621741312962,1.3579358966788262
tom_mckenzie_directions,Tom McKenzie - Directions,20,42,relative_substitution,4.0,9,0.2572926115490581,0.09648472933089665,0.20999336515445263,0.33378184716403936,0.10230074143212083,0.23148110573191855,0.3559882443961205,0.16981606393726376,1.760030474406738,1.383592953769075
